order_id,customer_id,store_id,store_type,status,channel,payment_method,order_date,day_of_week,hour_of_day,shipping_city,shipping_province,num_items,total_quantity,total_line_amount,total_discount_amount,num_promotions_applied,target_total_amount
1,149,7,physical,pending,store,debit,"2024-12-26 16:11:32",5,16,Toronto,Ontario,4,10,2849.54,174.42,1,395.23
2,85,3,physical,paid,store,cash,"2024-02-01 12:06:32",5,12,Toronto,Ontario,4,7,1079.33,115.86,1,31.69
3,62,8,physical,paid,store,credit_card,"2024-10-18 00:33:42",6,0,Mississauga,Ontario,4,13,3432.82,496.36,0,293.85
4,102,5,physical,confirmed,store,credit_card,"2024-10-19 01:21:14",7,1,Kitchener,Ontario,2,6,2408.46,86.19,0,840.27
5,204,1,online,pending,online,credit_card,"2024-07-12 15:19:28",6,15,London,Ontario,5,13,2810.91,201.46,1,491.47
6,196,1,online,delivered,online,credit_card,"2024-07-17 13:34:53",4,13,Ottawa,Ontario,1,4,935.34,10.30,1,499.28
7,177,1,online,returned,online,debit,"2023-01-10 05:44:49",3,5,Mississauga,Ontario,4,13,2350.41,734.53,0,26.44
8,174,9,physical,confirmed,store,cash,"2025-09-17 11:09:50",4,11,London,Ontario,4,12,3445.07,518.42,2,67.33
9,21,6,physical,shipped,store,debit,"2024-06-08 09:01:20",7,9,Toronto,Ontario,2,6,1897.34,135.88,0,25.25
10,174,3,physical,cancelled,store,credit_card,"2024-03-11 03:28:04",2,3,London,Ontario,2,6,1056.10,280.31,1,112.51
11,25,1,online,pending,online,paypal,"2023-10-01 11:25:48",1,11,Toronto,Ontario,1,3,1115.35,105.83,0,613.11
12,62,9,physical,paid,store,credit_card,"2025-10-22 21:47:54",4,21,Mississauga,Ontario,2,6,568.04,68.78,1,540.65
13,174,1,online,shipped,online,credit_card,"2024-09-18 09:55:26",4,9,London,Ontario,4,11,2565.93,584.89,1,24.37
14,38,1,online,pending,online,credit_card,"2024-07-28 16:06:52",1,16,Hamilton,Ontario,2,8,1033.18,89.81,1,1115.08
15,54,1,online,delivered,online,credit_card,"2025-04-27 22:27:10",1,22,"Niagara Falls",Ontario,2,10,2308.35,334.15,0,153.38
16,193,1,online,delivered,online,paypal,"2023-03-19 01:45:00",1,1,Toronto,Ontario,3,5,1591.41,292.07,0,193.73
17,182,1,online,delivered,online,other,"2023-02-22 08:03:35",4,8,Toronto,Ontario,3,7,742.64,161.82,0,340.23
18,171,1,online,returned,online,gift_card,"2025-08-15 15:03:10",6,15,Brampton,Ontario,4,11,2997.25,541.16,0,371.58
19,155,3,physical,delivered,store,cash,"2025-08-28 09:40:16",5,9,Mississauga,Ontario,1,1,336.82,142.82,1,190.05
20,2,1,online,delivered,online,other,"2023-12-03 18:01:32",1,18,Toronto,Ontario,4,9,2182.47,86.79,2,438.32
21,187,5,physical,confirmed,store,paypal,"2024-11-28 01:56:31",5,1,Brampton,Ontario,5,20,3069.79,931.54,0,1457.79
22,27,1,online,shipped,online,paypal,"2023-01-20 04:22:56",6,4,Mississauga,Ontario,3,8,796.87,295.23,0,1302.96
23,29,1,online,shipped,online,paypal,"2023-03-05 13:55:18",1,13,Kitchener,Ontario,5,13,3014.20,669.36,0,502.05
24,104,2,physical,paid,store,other,"2023-06-30 20:45:56",6,20,Kitchener,Ontario,3,11,3695.24,817.25,1,436.92
25,168,1,online,delivered,online,cash,"2023-08-24 05:18:57",5,5,"Niagara Falls",Ontario,1,2,311.90,42.84,0,1160.51
26,62,1,online,delivered,online,credit_card,"2024-01-11 04:48:54",5,4,Mississauga,Ontario,4,15,2446.14,915.49,0,79.43
27,227,1,online,delivered,online,cash,"2023-02-12 06:15:26",1,6,Kingston,Ontario,5,11,2838.94,676.12,0,73.91
28,194,4,physical,delivered,store,debit,"2024-01-31 06:42:26",4,6,Mississauga,Ontario,4,8,2070.47,344.15,1,669.03
29,158,6,physical,delivered,store,credit_card,"2023-03-28 06:26:33",3,6,Toronto,Ontario,1,3,1160.38,329.36,2,154.82
30,219,2,physical,confirmed,store,credit_card,"2024-07-03 21:14:40",4,21,"Niagara Falls",Ontario,5,19,3274.74,791.04,0,20.01
31,70,1,online,delivered,online,credit_card,"2023-11-30 05:09:56",5,5,Kitchener,Ontario,3,8,1792.71,530.59,0,139.83
32,77,8,physical,pending,store,cash,"2025-03-27 10:44:25",5,10,Toronto,Ontario,5,13,4024.34,639.76,2,436.44
33,117,6,physical,shipped,store,cash,"2023-07-31 22:23:34",2,22,Kitchener,Ontario,1,3,926.18,372.82,0,360.94
34,25,2,physical,delivered,store,gift_card,"2025-11-17 15:58:28",2,15,Toronto,Ontario,4,15,2748.95,380.12,0,1001.74
35,222,8,physical,delivered,store,credit_card,"2024-10-12 04:27:42",7,4,Mississauga,Ontario,4,11,1760.01,475.88,0,1249.93
36,44,1,online,delivered,online,credit_card,"2023-09-03 22:09:54",1,22,Kitchener,Ontario,4,15,3381.00,478.11,1,488.12
37,188,5,physical,confirmed,store,credit_card,"2023-08-07 01:04:14",2,1,Brampton,Ontario,2,10,1068.63,240.37,2,72.15
38,48,1,online,delivered,online,credit_card,"2023-09-04 07:29:12",2,7,Brampton,Ontario,2,6,1851.85,742.61,1,362.36
39,2,2,physical,paid,store,debit,"2023-08-28 22:50:02",2,22,Brampton,Ontario,1,3,986.47,380.60,1,1313.75
40,83,1,online,shipped,online,paypal,"2025-06-21 09:26:00",7,9,Mississauga,Ontario,2,6,1465.76,166.62,0,1327.16
41,76,8,physical,delivered,store,other,"2023-09-03 06:51:56",1,6,Kingston,Ontario,4,9,1771.51,433.30,0,51.37
42,65,1,online,cancelled,online,credit_card,"2025-02-05 13:48:05",4,13,Kitchener,Ontario,4,9,1716.15,301.66,1,85.05
43,225,6,physical,delivered,store,cash,"2023-09-30 14:05:01",7,14,London,Ontario,5,14,2623.86,758.11,2,392.06
44,176,1,online,delivered,online,cash,"2025-05-13 20:56:15",3,20,Toronto,Ontario,2,7,993.00,176.99,1,1021.33
45,184,1,online,delivered,online,credit_card,"2025-09-23 01:06:46",3,1,Brampton,Ontario,2,2,669.07,268.75,0,738.35
46,120,5,physical,delivered,store,credit_card,"2024-04-25 15:17:35",5,15,Kingston,Ontario,3,12,2652.79,537.91,0,172.12
47,125,1,online,shipped,online,other,"2023-04-23 06:37:33",1,6,Kitchener,Ontario,5,15,3353.48,437.10,0,503.03
48,58,1,online,paid,online,paypal,"2023-12-04 23:22:43",2,23,Brampton,Ontario,2,5,1572.95,311.36,0,446.18
49,201,3,physical,shipped,store,paypal,"2023-08-12 21:58:34",7,21,Ottawa,Ontario,1,2,162.42,22.26,0,582.37
50,73,1,online,delivered,online,debit,"2024-06-07 16:09:32",6,16,Toronto,Ontario,3,12,2297.11,298.49,1,276.08
51,7,1,online,paid,online,credit_card,"2023-10-31 18:57:38",3,18,London,Ontario,5,14,2530.01,352.26,0,181.91
52,70,1,online,delivered,online,credit_card,"2023-01-29 01:58:44",1,1,Kitchener,Ontario,3,12,1104.98,280.50,2,106.11
53,22,1,online,shipped,online,credit_card,"2023-06-02 10:45:02",6,10,Toronto,Ontario,5,20,2263.96,440.92,1,1206.73
54,28,1,online,delivered,online,credit_card,"2025-04-30 01:52:08",4,1,Hamilton,Ontario,5,13,3411.72,317.40,0,800.93
55,29,1,online,cancelled,online,credit_card,"2023-09-08 04:12:49",6,4,Kitchener,Ontario,4,10,2104.56,242.13,1,539.79
56,221,1,online,returned,online,cash,"2025-11-24 00:58:28",2,0,Kitchener,Ontario,1,5,1372.15,541.95,2,56.65
57,11,4,physical,returned,store,credit_card,"2024-06-26 21:46:27",4,21,Ottawa,Ontario,3,7,2424.91,232.33,0,815.84
58,185,2,physical,paid,store,credit_card,"2025-04-28 13:00:01",2,13,Kingston,Ontario,1,1,112.77,7.31,2,75.84
59,217,7,physical,delivered,store,debit,"2025-02-16 01:54:22",1,1,Toronto,Ontario,4,12,1940.45,567.83,2,886.65
60,171,4,physical,delivered,store,debit,"2025-11-16 03:54:46",1,3,Brampton,Ontario,1,2,583.39,234.53,0,429.67
61,47,5,physical,delivered,store,debit,"2023-03-28 19:22:12",3,19,Mississauga,Ontario,5,21,4554.09,727.72,0,965.81
62,86,1,online,confirmed,online,debit,"2023-05-09 10:41:24",3,10,Brampton,Ontario,3,11,1034.51,52.56,1,606.95
63,115,1,online,delivered,online,credit_card,"2024-07-12 16:09:20",6,16,Kingston,Ontario,1,5,95.53,34.32,0,106.85
64,20,2,physical,delivered,store,credit_card,"2023-07-07 12:59:42",6,12,Kitchener,Ontario,2,5,896.85,25.92,0,27.91
65,161,2,physical,delivered,store,credit_card,"2023-07-20 02:50:52",5,2,Kingston,Ontario,4,14,3813.26,219.35,0,37.99
66,184,1,online,delivered,online,credit_card,"2024-11-13 22:47:45",4,22,Brampton,Ontario,3,6,1360.50,107.31,0,795.51
67,109,6,physical,pending,store,credit_card,"2025-10-25 15:30:33",7,15,Kitchener,Ontario,3,9,1711.35,474.12,1,610.01
68,84,1,online,paid,online,other,"2025-04-24 10:32:55",5,10,Kingston,Ontario,5,18,4566.04,1566.92,0,995.06
69,106,1,online,delivered,online,paypal,"2025-07-15 10:26:47",3,10,Kitchener,Ontario,1,4,573.90,56.70,0,1303.42
70,194,1,online,delivered,online,debit,"2025-07-04 13:14:31",6,13,Toronto,Ontario,3,9,1533.18,216.01,0,66.79
71,10,1,online,cancelled,online,cash,"2024-07-23 01:31:07",3,1,Kitchener,Ontario,1,3,1055.70,381.87,1,285.73
72,188,1,online,delivered,online,debit,"2025-10-29 07:53:22",4,7,Mississauga,Ontario,2,3,466.87,29.11,0,250.69
73,208,1,online,delivered,online,credit_card,"2023-07-27 15:20:03",5,15,"Niagara Falls",Ontario,2,10,1504.32,431.98,1,1435.90
74,93,1,online,delivered,online,credit_card,"2024-02-17 05:01:37",7,5,Hamilton,Ontario,2,7,980.17,212.98,2,1428.53
75,51,6,physical,delivered,store,debit,"2025-04-27 03:34:12",1,3,Hamilton,Ontario,5,14,1944.43,492.01,0,266.66
76,106,3,physical,delivered,store,credit_card,"2024-01-16 01:15:48",3,1,Kitchener,Ontario,5,13,998.80,219.58,1,218.75
77,123,1,online,delivered,online,credit_card,"2024-07-27 22:42:27",7,22,London,Ontario,4,10,2806.80,758.75,1,561.09
78,196,1,online,delivered,online,debit,"2023-08-23 17:41:53",4,17,Hamilton,Ontario,1,3,774.10,90.20,1,1354.29
79,65,1,online,delivered,online,credit_card,"2025-03-17 21:47:21",2,21,Kitchener,Ontario,1,3,1015.05,279.51,0,457.82
80,193,9,physical,delivered,store,credit_card,"2024-02-01 07:50:24",5,7,Toronto,Ontario,3,11,2143.12,757.23,2,126.18
81,94,1,online,delivered,online,credit_card,"2024-08-07 06:06:30",4,6,"Niagara Falls",Ontario,1,3,321.85,23.30,0,54.90
82,127,1,online,returned,online,cash,"2025-02-28 16:03:45",6,16,London,Ontario,2,5,818.03,121.59,2,866.80
83,2,1,online,paid,online,cash,"2023-05-30 23:43:56",3,23,Toronto,Ontario,4,10,1997.55,300.06,1,92.78
84,162,1,online,paid,online,paypal,"2025-02-09 05:51:28",1,5,Toronto,Ontario,3,6,1940.30,213.41,0,533.40
85,137,9,physical,delivered,store,gift_card,"2023-08-15 22:30:44",3,22,Hamilton,Ontario,2,7,784.41,181.55,1,1445.23
86,160,1,online,returned,online,cash,"2023-11-17 02:40:55",6,2,Kitchener,Ontario,3,10,1461.62,442.34,0,62.85
87,51,6,physical,delivered,store,credit_card,"2024-10-13 21:15:25",1,21,Kitchener,Ontario,1,3,355.54,32.84,1,65.23
88,225,1,online,delivered,online,cash,"2024-04-08 13:47:05",2,13,Mississauga,Ontario,5,11,2044.36,207.14,2,61.16
89,133,1,online,paid,online,credit_card,"2025-07-24 09:12:31",5,9,London,Ontario,4,12,3897.92,696.76,2,869.01
90,115,1,online,delivered,online,credit_card,"2024-07-25 17:04:11",5,17,Kingston,Ontario,2,6,1475.16,200.91,0,852.65
91,7,1,online,delivered,online,credit_card,"2023-01-28 01:52:57",7,1,Kitchener,Ontario,5,15,4405.41,632.88,1,191.05
92,248,3,physical,delivered,store,cash,"2024-03-27 03:02:39",4,3,Brampton,Ontario,5,15,2343.67,525.54,1,357.59
93,34,1,online,delivered,online,paypal,"2023-03-12 08:08:13",1,8,Toronto,Ontario,2,8,1734.45,664.75,2,178.71
94,229,1,online,delivered,online,credit_card,"2025-03-06 02:43:46",5,2,Toronto,Ontario,4,14,3362.11,533.80,0,273.00
95,192,1,online,delivered,online,credit_card,"2025-03-20 12:14:45",5,12,Mississauga,Ontario,4,11,2644.79,317.48,0,493.50
96,25,1,online,delivered,online,credit_card,"2024-11-25 06:33:36",2,6,Toronto,Ontario,2,6,195.03,14.01,1,831.57
97,115,1,online,delivered,online,credit_card,"2025-07-16 04:54:35",4,4,Kingston,Ontario,4,9,1965.54,127.01,0,1019.64
98,191,4,physical,delivered,store,paypal,"2024-09-23 06:29:29",2,6,Toronto,Ontario,4,10,2263.59,378.83,0,878.39
99,90,8,physical,delivered,store,debit,"2025-08-02 16:29:57",7,16,Toronto,Ontario,4,15,3180.53,702.54,2,36.51
100,197,2,physical,delivered,store,debit,"2025-03-07 03:44:56",6,3,London,Ontario,4,9,1792.55,442.79,0,863.78
101,91,3,physical,paid,store,credit_card,"2025-08-26 06:12:55",3,6,Toronto,Ontario,3,9,2917.46,249.51,1,35.99
102,36,1,online,delivered,online,credit_card,"2025-04-29 15:00:19",3,15,Mississauga,Ontario,5,15,3654.56,706.43,0,20.31
103,58,3,physical,shipped,store,credit_card,"2025-01-02 14:47:04",5,14,Brampton,Ontario,4,16,3053.09,687.49,0,200.78
104,75,1,online,delivered,online,cash,"2025-03-02 01:08:21",1,1,"Niagara Falls",Ontario,3,3,621.60,126.61,0,25.63
105,1,1,online,delivered,online,gift_card,"2024-02-13 02:35:49",3,2,Toronto,Ontario,3,14,2566.43,516.08,0,95.37
106,81,1,online,pending,online,paypal,"2025-07-01 15:58:40",3,15,Toronto,Ontario,3,8,959.55,308.62,2,677.90
107,84,1,online,delivered,online,other,"2024-04-17 05:41:33",4,5,London,Ontario,1,2,943.52,5.78,2,339.84
108,101,1,online,delivered,online,credit_card,"2024-04-03 12:19:39",4,12,Toronto,Ontario,1,3,476.74,152.03,2,150.46
109,13,1,online,shipped,online,credit_card,"2024-01-22 15:45:18",2,15,Toronto,Ontario,1,4,836.75,190.49,2,20.47
110,151,1,online,delivered,online,credit_card,"2023-11-12 21:35:25",1,21,Kingston,Ontario,2,3,415.18,125.82,1,722.37
111,159,8,physical,delivered,store,paypal,"2023-04-12 15:43:53",4,15,London,Ontario,5,14,1827.91,515.50,0,48.15
112,215,1,online,shipped,online,paypal,"2024-10-03 15:46:41",5,15,Toronto,Ontario,2,6,1857.42,211.04,0,630.02
113,131,1,online,confirmed,online,credit_card,"2024-06-03 16:58:50",2,16,Brampton,Ontario,4,16,2006.77,387.06,1,20.13
114,242,7,physical,delivered,store,gift_card,"2024-07-06 16:59:36",7,16,London,Ontario,2,8,2977.09,432.77,1,389.57
115,170,1,online,delivered,online,credit_card,"2024-09-14 09:24:27",7,9,Toronto,Ontario,5,12,1590.33,417.85,0,377.15
116,95,3,physical,paid,store,credit_card,"2024-11-03 02:48:14",1,2,Brampton,Ontario,4,11,806.88,141.68,0,486.75
117,232,6,physical,confirmed,store,credit_card,"2023-08-25 19:50:56",6,19,Kingston,Ontario,1,2,470.75,88.19,1,349.92
118,17,1,online,shipped,online,cash,"2024-07-14 08:38:57",1,8,Kitchener,Ontario,1,4,395.97,108.11,0,420.19
119,174,7,physical,delivered,store,credit_card,"2023-09-18 11:57:23",2,11,London,Ontario,5,18,4928.47,901.58,0,69.42
120,50,1,online,paid,online,other,"2023-01-09 15:14:18",2,15,Kingston,Ontario,2,3,710.11,98.31,1,538.40
121,235,1,online,pending,online,cash,"2024-06-12 00:52:40",4,0,Kingston,Ontario,5,13,2378.24,200.86,1,883.69
122,83,4,physical,delivered,store,cash,"2023-09-04 14:43:42",2,14,Mississauga,Ontario,5,16,1039.66,359.26,0,1418.99
123,87,7,physical,pending,store,debit,"2025-04-21 13:59:11",2,13,Mississauga,Ontario,3,9,3010.63,120.35,1,794.88
124,37,1,online,delivered,online,credit_card,"2025-01-07 11:25:37",3,11,London,Ontario,4,12,2392.43,480.95,1,696.18
125,225,1,online,returned,online,credit_card,"2024-03-25 16:23:02",2,16,Toronto,Ontario,4,14,4769.05,397.53,0,39.39
126,141,1,online,delivered,online,credit_card,"2025-06-06 23:08:21",6,23,Ottawa,Ontario,3,12,1070.82,239.26,0,1382.16
127,121,1,online,delivered,online,credit_card,"2024-03-05 11:25:56",3,11,Kingston,Ontario,5,14,4068.63,961.16,0,1320.68
128,51,3,physical,delivered,store,credit_card,"2025-05-07 08:46:42",4,8,Kitchener,Ontario,1,2,752.41,95.75,0,785.16
129,141,7,physical,delivered,store,gift_card,"2024-03-26 00:13:09",3,0,Ottawa,Ontario,4,11,2099.64,670.35,2,24.63
130,179,6,physical,shipped,store,other,"2023-02-13 11:12:32",2,11,Toronto,Ontario,5,13,4227.86,440.57,1,73.04
131,120,1,online,paid,online,credit_card,"2024-03-13 02:11:31",4,2,Kingston,Ontario,2,5,1742.75,208.90,1,200.42
132,125,1,online,delivered,online,credit_card,"2024-09-22 05:22:07",1,5,Kitchener,Ontario,4,9,1974.45,180.58,1,39.43
133,84,6,physical,paid,store,credit_card,"2024-09-26 00:50:07",5,0,Kingston,Ontario,1,2,722.41,248.49,0,58.38
134,105,5,physical,paid,store,debit,"2023-07-07 11:18:45",6,11,Toronto,Ontario,3,12,3512.39,379.43,0,722.78
135,46,7,physical,paid,store,credit_card,"2024-04-02 16:55:30",3,16,London,Ontario,4,14,3455.00,877.36,1,953.74
136,46,6,physical,delivered,store,paypal,"2024-02-12 20:42:22",2,20,London,Ontario,1,1,129.43,25.01,1,505.73
137,217,1,online,paid,online,credit_card,"2025-09-10 01:51:51",4,1,Toronto,Ontario,5,20,4059.87,526.09,0,525.95
138,145,1,online,confirmed,online,credit_card,"2024-01-05 07:05:44",6,7,Toronto,Ontario,5,11,2827.12,147.90,1,285.94
139,49,1,online,delivered,online,paypal,"2024-04-24 07:41:12",4,7,Kingston,Ontario,1,5,1574.39,224.06,0,196.23
140,13,1,online,delivered,online,cash,"2025-07-07 03:00:10",2,3,Toronto,Ontario,3,11,417.43,80.48,0,1073.63
141,107,1,online,paid,online,cash,"2024-12-31 04:10:15",3,4,Brampton,Ontario,5,15,3293.49,654.22,0,1048.25
142,90,1,online,delivered,online,credit_card,"2025-01-27 14:49:44",2,14,Toronto,Ontario,2,8,2273.27,516.05,1,490.35
143,83,2,physical,delivered,store,credit_card,"2024-08-31 15:52:25",7,15,Mississauga,Ontario,1,3,1034.85,208.20,0,413.27
144,161,1,online,paid,online,credit_card,"2024-10-07 12:36:43",2,12,Kingston,Ontario,3,8,1287.91,336.01,0,377.05
145,27,1,online,delivered,online,credit_card,"2024-10-02 03:46:48",4,3,"Niagara Falls",Ontario,3,6,1635.84,244.30,2,305.25
146,133,1,online,returned,online,credit_card,"2023-10-02 18:12:29",2,18,London,Ontario,3,11,3537.53,884.17,0,65.67
147,109,8,physical,delivered,store,debit,"2023-07-28 08:26:22",6,8,Kitchener,Ontario,2,5,523.18,113.26,0,792.76
148,62,1,online,delivered,online,credit_card,"2024-09-20 04:43:46",6,4,Mississauga,Ontario,4,14,2158.05,361.71,0,193.05
149,104,1,online,paid,online,other,"2023-03-26 19:59:36",1,19,Kitchener,Ontario,1,4,776.10,43.54,2,422.20
150,188,1,online,returned,online,debit,"2023-02-25 17:25:17",7,17,Brampton,Ontario,2,5,1191.82,371.67,0,222.22
151,134,1,online,pending,online,debit,"2025-01-20 18:34:50",2,18,Toronto,Ontario,3,12,4430.69,798.13,1,599.57
152,242,1,online,delivered,online,cash,"2023-11-18 18:11:24",7,18,Kingston,Ontario,3,12,1846.08,451.93,1,99.10
153,27,1,online,confirmed,online,credit_card,"2024-11-01 04:25:24",6,4,Mississauga,Ontario,2,5,1248.06,251.64,1,982.92
154,58,1,online,pending,online,paypal,"2024-01-15 07:38:20",2,7,Brampton,Ontario,1,4,875.53,110.23,2,29.23
155,72,1,online,shipped,online,debit,"2023-05-04 15:46:07",5,15,Toronto,Ontario,5,11,2414.65,340.03,0,210.24
156,111,4,physical,paid,store,gift_card,"2023-04-18 22:50:25",3,22,Kitchener,Ontario,1,5,1021.75,261.95,1,20.47
157,30,1,online,paid,online,cash,"2024-12-18 05:04:13",4,5,Toronto,Ontario,3,8,405.70,108.71,2,43.36
158,197,8,physical,delivered,store,gift_card,"2024-05-18 08:08:27",7,8,Toronto,Ontario,1,4,1697.24,153.68,0,585.34
159,217,3,physical,returned,store,credit_card,"2023-01-18 13:32:41",4,13,Toronto,Ontario,2,10,2114.82,491.18,1,65.61
160,238,2,physical,shipped,store,credit_card,"2023-04-06 18:49:20",5,18,Hamilton,Ontario,4,10,2517.59,788.07,1,376.14
161,199,1,online,shipped,online,debit,"2025-04-30 10:38:42",4,10,"Niagara Falls",Ontario,4,14,2102.50,442.24,2,619.40
162,207,8,physical,delivered,store,debit,"2024-02-20 07:39:07",3,7,"Niagara Falls",Ontario,1,2,31.89,1.15,2,273.94
163,41,1,online,delivered,online,gift_card,"2024-10-19 14:21:13",7,14,Toronto,Ontario,3,14,3143.80,737.40,1,294.06
164,140,1,online,confirmed,online,debit,"2025-02-16 06:55:50",1,6,Kitchener,Ontario,4,12,1136.80,170.40,0,21.36
165,49,1,online,delivered,online,cash,"2024-07-23 09:16:41",3,9,Kingston,Ontario,4,11,2929.99,824.26,1,1030.06
166,197,1,online,shipped,online,paypal,"2023-07-13 17:30:14",5,17,Toronto,Ontario,2,4,994.08,76.50,1,228.42
167,188,6,physical,delivered,store,debit,"2023-08-08 10:56:32",3,10,Brampton,Ontario,3,9,2145.96,431.10,1,27.02
168,168,1,online,returned,online,credit_card,"2025-10-26 05:09:59",1,5,"Niagara Falls",Ontario,3,7,1442.43,211.04,2,112.42
169,35,1,online,shipped,online,credit_card,"2024-08-09 16:04:07",6,16,Kingston,Ontario,1,1,188.85,48.28,1,469.06
170,168,1,online,delivered,online,gift_card,"2024-12-04 10:17:31",4,10,Hamilton,Ontario,5,14,2420.00,720.49,1,195.31
171,87,1,online,delivered,online,credit_card,"2024-05-26 21:49:24",1,21,Mississauga,Ontario,3,10,1353.30,265.71,0,114.36
172,237,5,physical,cancelled,store,debit,"2025-02-08 23:18:06",7,23,Mississauga,Ontario,4,9,1472.62,432.01,0,752.93
173,14,1,online,delivered,online,debit,"2023-09-15 03:44:26",6,3,Toronto,Ontario,2,4,1326.67,75.34,0,36.54
174,81,1,online,delivered,online,gift_card,"2023-04-03 15:30:06",2,15,Kitchener,Ontario,2,7,1332.21,396.12,0,936.03
175,39,1,online,delivered,online,credit_card,"2023-03-08 05:04:55",4,5,Mississauga,Ontario,4,8,1033.71,328.20,2,1211.56
176,210,1,online,shipped,online,credit_card,"2023-01-30 22:02:33",2,22,Brampton,Ontario,1,5,751.26,246.69,1,181.80
177,97,1,online,confirmed,online,gift_card,"2024-07-30 23:07:44",3,23,Brampton,Ontario,1,4,955.14,392.50,1,946.23
178,72,9,physical,delivered,store,credit_card,"2024-04-29 21:58:12",2,21,Toronto,Ontario,1,4,692.04,187.76,1,159.67
179,134,9,physical,paid,store,cash,"2024-06-09 16:21:50",1,16,Toronto,Ontario,5,18,3089.41,659.34,1,512.40
180,100,5,physical,delivered,store,paypal,"2023-08-24 08:31:37",5,8,Kingston,Ontario,1,4,1568.13,332.63,0,1054.74
181,234,7,physical,returned,store,gift_card,"2025-07-26 13:23:32",7,13,Hamilton,Ontario,5,18,1940.56,710.46,0,126.16
182,223,6,physical,returned,store,credit_card,"2024-09-12 05:20:34",5,5,Ottawa,Ontario,3,8,2369.21,403.01,0,95.55
183,217,1,online,cancelled,online,credit_card,"2023-01-16 21:27:07",2,21,Toronto,Ontario,1,5,876.87,295.38,0,73.77
184,20,2,physical,cancelled,store,debit,"2024-01-03 14:55:52",4,14,Kitchener,Ontario,3,9,2230.32,566.77,0,617.99
185,77,8,physical,shipped,store,credit_card,"2023-04-11 03:28:48",3,3,London,Ontario,4,11,2446.01,581.20,0,955.63
186,70,1,online,paid,online,credit_card,"2025-11-16 21:38:38",1,21,Kitchener,Ontario,2,6,173.52,35.73,1,1462.69
187,171,1,online,paid,online,cash,"2025-06-09 02:54:46",2,2,Brampton,Ontario,4,14,3203.89,646.14,2,35.99
188,137,7,physical,paid,store,paypal,"2025-06-14 16:39:21",7,16,Hamilton,Ontario,1,4,1438.44,546.84,0,455.88
189,194,6,physical,delivered,store,credit_card,"2024-10-30 07:52:44",4,7,Mississauga,Ontario,4,16,3797.14,692.75,1,775.99
190,175,1,online,delivered,online,debit,"2025-05-30 23:32:11",6,23,Brampton,Ontario,5,14,3886.15,313.49,0,1027.24
191,58,2,physical,confirmed,store,gift_card,"2023-12-24 19:59:52",1,19,Brampton,Ontario,3,11,2840.01,594.33,1,37.00
192,13,5,physical,pending,store,debit,"2025-04-05 00:24:22",7,0,Toronto,Ontario,2,3,631.63,148.54,2,376.66
193,249,1,online,delivered,online,debit,"2024-07-10 05:55:35",4,5,Toronto,Ontario,5,16,4631.03,986.28,2,300.27
194,111,9,physical,paid,store,debit,"2024-08-28 12:17:15",4,12,Kitchener,Ontario,2,2,654.41,57.54,1,156.17
195,38,1,online,delivered,online,credit_card,"2023-02-16 12:05:53",5,12,Hamilton,Ontario,1,5,1282.11,112.99,2,110.15
196,219,1,online,confirmed,online,debit,"2024-01-21 03:43:16",1,3,Mississauga,Ontario,2,3,325.53,70.02,2,1059.77
197,112,2,physical,shipped,store,credit_card,"2024-06-18 11:35:14",3,11,London,Ontario,2,6,759.38,49.00,0,30.86
198,69,6,physical,paid,store,paypal,"2025-08-20 17:57:17",4,17,Kitchener,Ontario,1,3,89.28,27.33,0,553.03
199,199,1,online,delivered,online,credit_card,"2023-09-30 03:40:52",7,3,"Niagara Falls",Ontario,2,4,1469.61,217.71,0,522.14
200,204,4,physical,delivered,store,cash,"2023-12-29 05:33:57",6,5,London,Ontario,4,8,1551.77,377.25,0,97.97
201,147,1,online,confirmed,online,debit,"2023-04-27 20:24:26",5,20,Mississauga,Ontario,5,15,2010.16,245.37,0,21.09
202,243,5,physical,shipped,store,debit,"2024-05-23 17:59:44",5,17,Kingston,Ontario,5,15,1720.04,390.12,0,120.04
203,150,9,physical,shipped,store,credit_card,"2024-09-27 03:54:24",6,3,Toronto,Ontario,5,18,3870.49,292.03,0,1130.79
204,111,1,online,delivered,online,debit,"2025-07-30 06:49:02",4,6,Kitchener,Ontario,1,5,31.50,4.05,0,811.74
205,229,3,physical,paid,store,other,"2023-11-07 02:03:34",3,2,Toronto,Ontario,1,2,290.73,25.47,1,39.36
206,197,1,online,cancelled,online,paypal,"2023-05-03 04:22:09",4,4,Toronto,Ontario,3,9,2119.15,532.71,1,1305.76
207,59,1,online,delivered,online,credit_card,"2025-09-24 21:35:53",4,21,Kingston,Ontario,1,5,767.50,13.90,1,20.37
208,141,1,online,delivered,online,debit,"2023-10-06 16:56:32",6,16,Ottawa,Ontario,2,4,191.79,74.38,0,521.85
209,35,1,online,shipped,online,credit_card,"2025-08-25 00:32:52",2,0,Kingston,Ontario,1,2,693.41,92.13,0,421.66
210,75,1,online,paid,online,gift_card,"2024-11-07 02:07:48",5,2,"Niagara Falls",Ontario,4,17,3588.49,869.94,1,622.74
211,62,1,online,delivered,online,gift_card,"2023-03-25 14:53:24",7,14,Mississauga,Ontario,3,12,3278.14,466.83,0,43.80
212,44,1,online,delivered,online,paypal,"2024-05-31 19:35:29",6,19,Kitchener,Ontario,3,7,2099.86,652.64,1,1052.89
213,220,3,physical,delivered,store,credit_card,"2023-06-22 14:25:52",5,14,Hamilton,Ontario,3,7,459.84,65.08,2,20.55
214,1,3,physical,confirmed,store,other,"2024-02-06 00:05:24",3,0,Toronto,Ontario,4,11,3024.88,216.15,0,698.57
215,136,1,online,delivered,online,cash,"2025-10-15 23:45:38",4,23,Hamilton,Ontario,1,2,17.10,2.30,1,141.23
216,235,1,online,delivered,online,credit_card,"2025-01-05 02:58:37",1,2,Kingston,Ontario,3,13,2862.42,543.80,2,113.92
217,42,1,online,returned,online,credit_card,"2023-11-20 13:11:55",2,13,London,Ontario,2,2,498.63,162.26,2,722.09
218,156,4,physical,confirmed,store,other,"2024-03-28 15:34:19",5,15,London,Ontario,5,15,3786.05,665.26,2,137.73
219,196,1,online,paid,online,credit_card,"2023-12-15 02:17:10",6,2,Hamilton,Ontario,5,16,2068.05,335.89,1,496.83
220,227,5,physical,paid,store,credit_card,"2024-01-18 22:23:31",5,22,Kingston,Ontario,2,9,935.29,122.08,1,775.20
221,232,1,online,paid,online,credit_card,"2023-08-19 09:28:14",7,9,Kingston,Ontario,3,8,2769.23,253.58,0,523.93
222,202,1,online,shipped,online,debit,"2024-05-30 08:24:51",5,8,Kitchener,Ontario,5,7,2092.13,136.54,2,1127.27
223,2,7,physical,confirmed,store,other,"2024-02-14 00:20:59",4,0,Toronto,Ontario,1,3,852.62,321.82,0,422.86
224,189,9,physical,delivered,store,credit_card,"2024-12-11 14:57:13",4,14,Toronto,Ontario,3,7,2114.85,134.64,1,101.91
225,149,8,physical,delivered,store,debit,"2025-10-19 13:03:55",1,13,Mississauga,Ontario,2,7,1515.93,40.65,2,935.03
226,133,1,online,delivered,online,debit,"2023-03-22 06:57:34",4,6,London,Ontario,2,5,1499.63,28.90,0,1278.20
227,116,1,online,delivered,online,credit_card,"2024-09-16 23:52:49",2,23,Toronto,Ontario,2,8,1805.90,226.93,0,991.85
228,142,2,physical,confirmed,store,credit_card,"2024-08-12 19:48:34",2,19,Kingston,Ontario,3,9,1133.73,257.33,0,527.83
229,216,5,physical,shipped,store,credit_card,"2025-06-05 09:31:26",5,9,Brampton,Ontario,4,8,2326.72,401.25,1,188.44
230,74,2,physical,delivered,store,credit_card,"2024-03-10 06:32:39",1,6,"Niagara Falls",Ontario,2,9,3101.15,140.56,2,145.31
231,81,1,online,delivered,online,credit_card,"2024-07-08 12:49:55",2,12,Kitchener,Ontario,4,9,1760.31,290.72,2,34.31
232,223,2,physical,delivered,store,cash,"2025-11-18 20:04:18",3,20,Ottawa,Ontario,2,8,1931.54,529.58,0,1079.34
233,168,8,physical,confirmed,store,credit_card,"2024-02-05 18:30:07",2,18,"Niagara Falls",Ontario,3,9,2165.23,497.06,0,364.93
234,238,4,physical,delivered,store,credit_card,"2025-07-28 20:40:45",2,20,Toronto,Ontario,2,6,1526.51,555.41,0,252.79
235,70,3,physical,delivered,store,credit_card,"2025-02-05 09:22:46",4,9,Kitchener,Ontario,1,1,51.33,13.13,1,21.59
236,233,8,physical,delivered,store,cash,"2023-05-12 13:40:37",6,13,Kingston,Ontario,4,13,2260.63,578.08,1,39.82
237,221,7,physical,delivered,store,credit_card,"2024-08-15 19:19:17",5,19,Toronto,Ontario,3,10,2396.38,368.72,0,1088.62
238,182,1,online,delivered,online,debit,"2025-06-14 14:06:15",7,14,Ottawa,Ontario,1,4,1614.57,158.71,1,396.69
239,229,1,online,delivered,online,credit_card,"2024-04-20 22:45:14",7,22,Mississauga,Ontario,1,5,493.91,27.69,0,322.85
240,125,1,online,paid,online,cash,"2023-10-29 10:41:33",1,10,Kitchener,Ontario,2,4,435.64,91.59,0,693.96
241,28,7,physical,paid,store,credit_card,"2023-07-22 13:15:22",7,13,Hamilton,Ontario,1,1,7.22,0.07,0,705.65
242,4,5,physical,delivered,store,credit_card,"2024-04-27 08:36:05",7,8,London,Ontario,4,9,1679.95,103.97,0,56.02
243,192,1,online,delivered,online,credit_card,"2023-07-01 10:41:25",7,10,Mississauga,Ontario,1,2,257.38,77.80,0,98.68
244,166,1,online,cancelled,online,credit_card,"2024-08-21 21:42:10",4,21,Kitchener,Ontario,4,13,2855.09,738.13,0,101.82
245,211,1,online,delivered,online,credit_card,"2025-09-07 19:22:24",1,19,London,Ontario,2,6,540.76,92.16,2,22.67
246,134,1,online,paid,online,credit_card,"2023-08-19 13:02:42",7,13,Toronto,Ontario,4,6,2193.80,462.22,1,206.04
247,185,1,online,confirmed,online,credit_card,"2024-11-13 02:44:45",4,2,Kingston,Ontario,3,11,1399.58,279.23,0,564.86
248,247,9,physical,paid,store,credit_card,"2025-03-18 05:38:40",3,5,Toronto,Ontario,4,17,3133.28,575.92,0,20.64
249,140,1,online,delivered,online,credit_card,"2024-11-22 07:18:45",6,7,Kitchener,Ontario,5,9,781.53,128.29,0,29.38
250,54,1,online,delivered,online,debit,"2025-03-31 21:05:19",2,21,Toronto,Ontario,5,9,1008.44,196.42,2,149.34
251,213,7,physical,shipped,store,paypal,"2023-08-31 21:55:19",5,21,Brampton,Ontario,3,13,3794.71,604.37,1,1253.48
252,98,1,online,delivered,online,debit,"2023-10-20 08:23:50",6,8,Toronto,Ontario,2,3,491.02,43.14,1,1080.17
253,206,9,physical,confirmed,store,credit_card,"2025-04-26 08:27:09",7,8,"Niagara Falls",Ontario,1,2,768.98,223.32,0,679.30
254,73,1,online,confirmed,online,credit_card,"2024-07-23 00:23:53",3,0,Brampton,Ontario,1,4,1728.34,16.94,1,778.49
255,156,1,online,confirmed,online,debit,"2025-04-24 20:51:11",5,20,London,Ontario,3,9,2555.67,840.03,0,30.59
256,61,3,physical,cancelled,store,cash,"2024-09-02 00:54:12",2,0,Kitchener,Ontario,2,5,610.38,104.75,0,363.22
257,36,9,physical,paid,store,credit_card,"2024-05-11 02:52:30",7,2,Toronto,Ontario,4,9,836.28,225.14,2,595.93
258,121,1,online,delivered,online,credit_card,"2025-11-23 23:07:07",1,23,Kingston,Ontario,3,5,1255.97,64.42,0,443.51
259,96,1,online,shipped,online,other,"2024-09-21 14:47:46",7,14,Toronto,Ontario,4,18,3797.65,1117.96,0,23.96
260,152,1,online,confirmed,online,credit_card,"2023-10-31 08:10:58",3,8,Kitchener,Ontario,3,6,1224.69,220.34,0,614.37
261,43,9,physical,delivered,store,credit_card,"2025-10-25 18:34:29",7,18,Toronto,Ontario,1,2,884.90,61.00,0,1179.18
262,214,7,physical,pending,store,debit,"2024-10-11 00:38:41",6,0,Kingston,Ontario,5,15,3688.48,546.41,0,973.24
263,68,8,physical,delivered,store,credit_card,"2023-07-12 13:02:46",4,13,London,Ontario,1,1,208.16,1.30,0,1040.67
264,128,1,online,paid,online,paypal,"2025-05-09 11:11:23",6,11,Hamilton,Ontario,2,6,2316.06,255.86,1,161.24
265,59,1,online,delivered,online,debit,"2023-07-07 13:08:03",6,13,Brampton,Ontario,1,3,496.56,24.39,0,694.72
266,67,1,online,shipped,online,credit_card,"2024-07-30 05:15:08",3,5,London,Ontario,4,12,3212.01,692.66,2,1092.36
267,78,1,online,delivered,online,credit_card,"2024-02-12 04:17:57",2,4,Toronto,Ontario,3,8,1287.30,75.76,0,112.80
268,77,1,online,shipped,online,other,"2025-07-04 06:08:14",6,6,Toronto,Ontario,5,17,3928.78,1108.14,0,135.18
269,193,7,physical,delivered,store,cash,"2024-09-12 14:27:59",5,14,Toronto,Ontario,2,4,317.99,101.65,0,475.84
270,134,7,physical,shipped,store,gift_card,"2025-03-30 15:11:55",1,15,Toronto,Ontario,1,1,170.69,65.56,0,608.84
271,241,1,online,confirmed,online,credit_card,"2024-10-06 06:10:52",1,6,London,Ontario,3,13,3123.16,443.98,1,1431.11
272,182,1,online,delivered,online,credit_card,"2024-01-25 11:35:46",5,11,Ottawa,Ontario,4,11,1862.78,378.58,1,20.53
273,245,1,online,paid,online,paypal,"2025-03-11 23:17:50",3,23,Ottawa,Ontario,4,10,2495.97,500.42,2,326.67
274,122,1,online,paid,online,paypal,"2025-01-25 06:59:20",7,6,Brampton,Ontario,3,10,2085.24,469.21,1,91.56
275,213,1,online,delivered,online,credit_card,"2024-04-25 12:56:44",5,12,Brampton,Ontario,3,7,996.08,164.78,0,215.11
276,127,2,physical,delivered,store,other,"2025-06-26 14:34:53",5,14,London,Ontario,1,3,1004.16,362.97,2,391.75
277,50,1,online,confirmed,online,credit_card,"2024-09-15 00:48:21",1,0,Brampton,Ontario,2,4,287.62,68.34,0,613.62
278,32,1,online,shipped,online,cash,"2023-03-06 04:22:26",2,4,Hamilton,Ontario,4,13,2665.83,719.73,1,953.29
279,77,1,online,paid,online,credit_card,"2023-03-27 13:22:00",2,13,Toronto,Ontario,2,7,1640.92,487.91,2,317.15
280,222,2,physical,delivered,store,paypal,"2024-08-01 07:56:20",5,7,Mississauga,Ontario,3,6,1334.02,479.10,1,1066.79
281,175,1,online,delivered,online,credit_card,"2023-10-19 21:52:16",5,21,Toronto,Ontario,3,9,2150.76,410.98,1,601.81
282,91,9,physical,paid,store,credit_card,"2023-12-12 23:55:53",3,23,Toronto,Ontario,3,12,2348.81,770.40,1,20.51
283,186,1,online,cancelled,online,credit_card,"2025-10-27 23:05:32",2,23,London,Ontario,2,10,2286.96,708.04,1,97.71
284,84,1,online,pending,online,paypal,"2025-10-11 15:31:48",7,15,Kingston,Ontario,4,11,1648.94,544.46,0,813.77
285,41,1,online,confirmed,online,paypal,"2023-05-01 01:21:51",2,1,"Niagara Falls",Ontario,1,2,732.58,121.62,0,76.12
286,44,1,online,paid,online,debit,"2023-02-04 08:05:46",7,8,Kitchener,Ontario,3,5,715.29,94.04,0,1170.07
287,231,9,physical,delivered,store,credit_card,"2025-01-25 20:51:19",7,20,"Niagara Falls",Ontario,2,8,3120.82,410.91,0,67.55
288,124,1,online,delivered,online,debit,"2025-11-08 07:08:49",7,7,Ottawa,Ontario,4,9,872.49,171.72,0,944.10
289,18,9,physical,cancelled,store,credit_card,"2023-04-10 03:55:47",2,3,"Niagara Falls",Ontario,4,17,5102.13,807.46,0,955.55
290,32,1,online,cancelled,online,other,"2023-08-10 11:30:13",5,11,Toronto,Ontario,3,9,2833.91,449.46,1,1492.62
291,22,1,online,delivered,online,paypal,"2024-01-28 21:27:00",1,21,London,Ontario,1,5,2138.46,207.99,2,923.15
292,53,2,physical,delivered,store,debit,"2025-01-06 04:26:21",2,4,Kingston,Ontario,1,1,212.94,12.03,0,151.83
293,21,1,online,delivered,online,credit_card,"2024-08-18 02:48:22",1,2,Mississauga,Ontario,3,8,1685.34,155.66,0,528.79
294,38,8,physical,shipped,store,other,"2023-02-02 09:11:53",5,9,Kitchener,Ontario,1,3,738.47,40.03,2,760.62
295,74,1,online,cancelled,online,debit,"2024-05-26 18:10:36",1,18,"Niagara Falls",Ontario,5,19,4491.01,442.78,1,29.07
296,210,2,physical,delivered,store,cash,"2023-01-11 21:06:56",4,21,Brampton,Ontario,3,7,1309.94,89.74,0,1391.41
297,51,1,online,returned,online,credit_card,"2025-01-16 06:54:52",5,6,London,Ontario,2,5,1296.10,376.32,2,30.71
298,49,4,physical,pending,store,gift_card,"2023-07-24 15:20:09",2,15,Kingston,Ontario,5,11,2067.07,480.22,0,1136.18
299,200,1,online,delivered,online,credit_card,"2025-05-18 02:18:46",1,2,Hamilton,Ontario,1,5,1573.28,316.17,0,47.29
300,5,1,online,shipped,online,debit,"2023-07-08 14:46:14",7,14,Ottawa,Ontario,5,19,3000.76,570.25,0,787.33
301,232,1,online,shipped,online,credit_card,"2025-02-22 07:07:59",7,7,Kingston,Ontario,5,12,1660.00,202.58,1,223.15
302,165,5,physical,confirmed,store,debit,"2023-08-30 07:02:32",4,7,Kitchener,Ontario,4,16,3368.21,504.45,0,501.06
303,28,4,physical,shipped,store,credit_card,"2023-01-31 18:45:41",3,18,Hamilton,Ontario,3,5,1462.28,109.82,1,1390.76
304,29,9,physical,paid,store,credit_card,"2024-03-08 19:19:31",6,19,Kitchener,Ontario,1,4,745.10,9.14,2,45.29
305,6,1,online,paid,online,credit_card,"2024-07-08 12:29:08",2,12,Mississauga,Ontario,2,7,2219.76,182.03,0,550.23
306,22,5,physical,delivered,store,debit,"2023-03-24 06:08:22",6,6,London,Ontario,3,8,1889.25,163.19,1,146.25
307,180,2,physical,confirmed,store,credit_card,"2023-05-06 19:55:11",7,19,Mississauga,Ontario,5,16,1938.43,181.74,1,277.95
308,164,1,online,returned,online,paypal,"2023-08-28 07:24:38",2,7,Toronto,Ontario,3,11,1993.33,441.21,0,251.65
309,201,5,physical,returned,store,paypal,"2024-05-14 07:49:24",3,7,Ottawa,Ontario,4,17,4184.74,868.20,0,98.87
310,190,4,physical,delivered,store,credit_card,"2024-07-02 20:03:10",3,20,London,Ontario,5,11,2995.46,534.65,2,354.09
311,87,5,physical,delivered,store,credit_card,"2024-08-26 13:05:27",2,13,Mississauga,Ontario,4,6,1565.49,398.08,2,885.00
312,182,8,physical,delivered,store,paypal,"2023-08-28 11:09:19",2,11,Ottawa,Ontario,1,3,853.19,2.62,1,325.11
313,240,1,online,paid,online,credit_card,"2025-05-14 12:23:35",4,12,Ottawa,Ontario,5,17,3929.93,664.96,1,739.47
314,158,1,online,cancelled,online,cash,"2023-10-17 01:22:30",3,1,Toronto,Ontario,3,6,2332.24,151.78,2,184.21
315,150,7,physical,delivered,store,credit_card,"2024-01-15 10:53:03",2,10,Toronto,Ontario,5,15,4462.03,800.10,0,49.90
316,219,1,online,delivered,online,credit_card,"2024-12-21 16:34:03",7,16,London,Ontario,1,5,1760.97,260.28,0,1364.04
317,54,1,online,pending,online,debit,"2025-07-16 23:25:45",4,23,"Niagara Falls",Ontario,5,11,1522.00,305.04,0,182.55
318,88,2,physical,confirmed,store,credit_card,"2024-05-10 10:37:36",6,10,Brampton,Ontario,4,8,1810.16,223.30,1,540.80
319,54,1,online,delivered,online,other,"2024-11-30 06:29:39",7,6,London,Ontario,4,15,3602.11,466.10,1,724.83
320,214,1,online,delivered,online,credit_card,"2025-10-20 05:53:20",2,5,Kingston,Ontario,2,7,1764.80,453.83,0,1128.24
321,188,3,physical,delivered,store,credit_card,"2025-06-15 08:55:51",1,8,Brampton,Ontario,2,6,1010.88,137.52,2,592.28
322,4,1,online,pending,online,credit_card,"2024-02-21 18:20:57",4,18,Kingston,Ontario,2,6,867.24,188.34,0,667.56
323,63,1,online,shipped,online,cash,"2025-06-08 04:08:45",1,4,Brampton,Ontario,5,11,1997.64,300.71,1,378.71
324,94,1,online,returned,online,debit,"2025-08-17 12:46:54",1,12,"Niagara Falls",Ontario,2,5,1146.12,69.80,2,627.80
325,45,1,online,delivered,online,paypal,"2025-05-13 02:19:02",3,2,Kitchener,Ontario,3,10,2659.12,657.76,0,865.97
326,118,9,physical,cancelled,store,paypal,"2023-11-30 16:49:20",5,16,Kingston,Ontario,1,5,2061.75,45.40,0,313.72
327,234,1,online,shipped,online,credit_card,"2023-10-30 04:40:35",2,4,Hamilton,Ontario,1,2,226.16,13.30,0,339.12
328,40,1,online,paid,online,debit,"2024-12-06 07:28:56",6,7,Ottawa,Ontario,5,16,2547.36,514.19,0,449.93
329,10,2,physical,pending,store,credit_card,"2023-10-06 14:30:38",6,14,Kitchener,Ontario,3,11,1754.92,372.32,0,98.40
330,139,1,online,paid,online,credit_card,"2023-01-22 00:15:14",1,0,Kingston,Ontario,4,11,2287.48,731.41,1,121.08
331,48,1,online,shipped,online,debit,"2024-07-21 21:07:35",1,21,Brampton,Ontario,4,11,2897.04,301.53,0,236.65
332,74,1,online,pending,online,cash,"2025-08-19 14:03:06",3,14,"Niagara Falls",Ontario,3,12,2343.25,353.11,0,750.77
333,205,8,physical,delivered,store,credit_card,"2023-11-11 09:33:31",7,9,Ottawa,Ontario,5,15,2954.43,389.90,1,1186.45
334,201,1,online,delivered,online,credit_card,"2024-10-26 19:45:04",7,19,"Niagara Falls",Ontario,1,1,144.01,55.05,0,325.03
335,221,4,physical,confirmed,store,credit_card,"2024-07-30 00:54:50",3,0,Kitchener,Ontario,2,5,1472.95,440.14,0,452.92
336,81,7,physical,confirmed,store,credit_card,"2024-03-21 00:23:42",5,0,Kitchener,Ontario,1,2,643.66,167.98,0,78.95
337,193,1,online,delivered,online,credit_card,"2024-09-24 09:51:22",3,9,Toronto,Ontario,5,17,3793.64,347.41,1,71.50
338,163,6,physical,shipped,store,credit_card,"2024-05-29 14:18:50",4,14,Kitchener,Ontario,1,5,1133.76,197.14,1,45.42
339,68,1,online,delivered,online,gift_card,"2025-03-27 05:22:54",5,5,Brampton,Ontario,5,17,2781.98,786.11,0,496.24
340,164,1,online,returned,online,credit_card,"2024-07-01 15:53:17",2,15,"Niagara Falls",Ontario,4,8,2048.71,214.76,1,225.01
341,34,1,online,delivered,online,credit_card,"2023-08-07 12:12:34",2,12,Toronto,Ontario,4,15,3290.58,669.28,2,517.58
342,238,1,online,delivered,online,credit_card,"2023-02-08 22:32:41",4,22,Toronto,Ontario,4,11,1958.12,373.14,2,140.10
343,215,1,online,delivered,online,credit_card,"2024-10-26 09:52:01",7,9,Toronto,Ontario,2,3,670.58,118.75,0,128.95
344,82,1,online,shipped,online,cash,"2024-08-02 05:06:42",6,5,Ottawa,Ontario,5,10,1687.62,475.54,1,217.82
345,128,6,physical,pending,store,cash,"2024-08-27 08:25:28",3,8,Hamilton,Ontario,5,21,2687.63,449.29,0,716.01
346,82,1,online,returned,online,other,"2025-03-19 11:41:03",4,11,Ottawa,Ontario,1,3,747.32,109.84,0,875.80
347,143,2,physical,delivered,store,credit_card,"2025-02-12 12:16:28",4,12,Hamilton,Ontario,2,5,1534.28,199.10,1,252.02
348,214,1,online,paid,online,credit_card,"2024-05-27 13:00:14",2,13,Kingston,Ontario,4,15,3695.88,577.01,0,93.35
349,164,1,online,cancelled,online,cash,"2025-10-02 06:31:09",5,6,"Niagara Falls",Ontario,3,12,3455.71,1017.52,1,443.06
350,17,1,online,delivered,online,credit_card,"2025-07-06 20:41:58",1,20,"Niagara Falls",Ontario,4,13,3891.71,525.76,0,1014.14
351,141,1,online,paid,online,debit,"2025-06-25 21:47:59",4,21,Ottawa,Ontario,3,9,1318.36,257.30,0,1146.39
352,161,6,physical,delivered,store,credit_card,"2023-03-26 14:03:10",1,14,Kingston,Ontario,3,10,2832.57,758.03,1,48.51
353,185,2,physical,delivered,store,credit_card,"2023-03-11 07:40:44",7,7,Kingston,Ontario,5,21,3619.04,716.77,1,781.84
354,243,2,physical,confirmed,store,credit_card,"2025-09-20 20:04:01",7,20,Kingston,Ontario,1,3,872.53,142.16,1,97.72
355,234,1,online,paid,online,credit_card,"2023-05-02 23:40:19",3,23,Hamilton,Ontario,3,9,2016.25,58.76,2,271.15
356,181,1,online,pending,online,cash,"2025-01-31 20:00:42",6,20,"Niagara Falls",Ontario,1,5,1176.39,98.16,0,51.32
357,175,9,physical,pending,store,gift_card,"2024-07-07 22:51:37",1,22,Brampton,Ontario,4,9,2506.63,145.53,0,157.60
358,86,8,physical,delivered,store,paypal,"2025-06-21 00:54:06",7,0,Brampton,Ontario,2,6,1015.40,312.49,1,63.77
359,241,4,physical,cancelled,store,credit_card,"2024-02-13 05:56:21",3,5,Hamilton,Ontario,5,9,1620.31,235.76,1,152.17
360,114,1,online,delivered,online,credit_card,"2025-06-08 12:50:32",1,12,London,Ontario,5,14,2716.57,486.05,1,33.16
361,8,7,physical,paid,store,credit_card,"2023-04-25 02:20:23",3,2,London,Ontario,2,4,1383.83,426.09,1,20.48
362,6,1,online,cancelled,online,cash,"2023-06-08 12:20:34",5,12,Hamilton,Ontario,2,8,2088.79,412.21,1,908.34
363,157,4,physical,delivered,store,credit_card,"2024-08-12 05:56:56",2,5,Toronto,Ontario,5,12,3341.52,530.14,1,30.95
364,148,1,online,pending,online,credit_card,"2024-03-13 11:17:35",4,11,Hamilton,Ontario,1,2,922.64,55.34,1,49.58
365,162,8,physical,delivered,store,paypal,"2025-08-17 23:41:14",1,23,Toronto,Ontario,3,5,582.98,139.08,0,1348.93
366,162,1,online,paid,online,gift_card,"2023-11-11 07:36:15",7,7,Toronto,Ontario,4,12,3087.05,795.81,0,514.58
367,143,1,online,shipped,online,debit,"2025-05-28 03:16:36",4,3,London,Ontario,4,7,1213.69,196.89,2,60.19
368,138,3,physical,pending,store,credit_card,"2024-04-21 02:10:24",1,2,Toronto,Ontario,1,3,33.21,3.39,1,752.08
369,111,7,physical,delivered,store,credit_card,"2024-12-29 19:43:22",1,19,Kitchener,Ontario,4,12,2079.65,195.41,0,279.27
370,246,1,online,delivered,online,cash,"2024-06-24 07:23:33",2,7,Brampton,Ontario,2,5,1029.23,308.87,1,1167.72
371,94,1,online,delivered,online,paypal,"2024-05-10 04:22:17",6,4,"Niagara Falls",Ontario,5,17,2761.50,493.32,0,174.37
372,220,1,online,confirmed,online,paypal,"2025-03-31 11:26:30",2,11,Ottawa,Ontario,1,1,175.43,51.43,0,189.30
373,115,1,online,delivered,online,other,"2023-03-20 14:27:12",2,14,Kingston,Ontario,2,10,1705.21,422.64,0,101.23
374,191,8,physical,delivered,store,debit,"2023-10-31 09:10:21",3,9,Toronto,Ontario,3,9,2518.89,586.94,0,584.84
375,192,7,physical,delivered,store,credit_card,"2023-03-16 22:59:01",5,22,Mississauga,Ontario,1,4,1560.84,234.84,2,309.59
376,127,8,physical,delivered,store,credit_card,"2025-06-21 19:24:55",7,19,Ottawa,Ontario,1,5,631.46,260.64,0,35.99
377,66,1,online,shipped,online,credit_card,"2024-04-24 06:42:54",4,6,"Niagara Falls",Ontario,2,4,712.63,217.95,0,132.58
378,231,1,online,returned,online,credit_card,"2023-05-04 05:22:21",5,5,Ottawa,Ontario,2,6,2209.72,446.76,1,405.24
379,194,3,physical,delivered,store,debit,"2024-03-12 23:08:48",3,23,Mississauga,Ontario,1,1,150.29,52.56,2,294.09
380,60,1,online,delivered,online,credit_card,"2023-08-30 05:47:33",4,5,Toronto,Ontario,5,15,2319.53,507.87,0,1252.05
381,105,1,online,confirmed,online,credit_card,"2023-08-14 07:00:06",2,7,Kingston,Ontario,3,9,1693.96,271.01,0,25.05
382,30,9,physical,delivered,store,credit_card,"2023-11-14 13:36:26",3,13,Toronto,Ontario,1,1,305.94,105.35,1,59.65
383,223,3,physical,delivered,store,cash,"2025-06-18 15:24:41",4,15,Ottawa,Ontario,5,14,2949.39,424.61,0,297.51
384,130,1,online,delivered,online,credit_card,"2023-05-13 02:14:24",7,2,London,Ontario,3,11,1726.75,406.90,1,921.98
385,40,1,online,delivered,online,credit_card,"2025-01-09 09:23:34",5,9,Ottawa,Ontario,3,10,2756.42,876.55,1,366.33
386,159,6,physical,delivered,store,cash,"2024-06-16 15:46:51",1,15,London,Ontario,2,6,480.99,60.48,2,1057.13
387,42,5,physical,delivered,store,credit_card,"2023-07-05 18:31:19",4,18,London,Ontario,2,7,732.82,148.61,2,1021.32
388,50,1,online,paid,online,debit,"2023-11-13 07:56:49",2,7,"Niagara Falls",Ontario,5,22,6298.73,900.59,1,331.20
389,97,1,online,paid,online,debit,"2025-10-27 03:50:15",2,3,Brampton,Ontario,4,15,4303.63,530.36,0,944.02
390,26,1,online,paid,online,other,"2023-10-14 03:21:25",7,3,"Niagara Falls",Ontario,5,19,4135.76,870.96,0,1129.47
391,220,1,online,shipped,online,credit_card,"2023-06-08 19:31:03",5,19,Mississauga,Ontario,2,6,537.59,50.45,0,1018.19
392,195,3,physical,confirmed,store,credit_card,"2024-03-05 09:42:41",3,9,Kingston,Ontario,3,13,2305.06,237.05,1,246.60
393,70,5,physical,shipped,store,credit_card,"2023-11-22 22:38:51",4,22,Kitchener,Ontario,2,7,2057.10,185.54,1,326.72
394,25,1,online,shipped,online,debit,"2024-03-02 21:24:43",7,21,Toronto,Ontario,2,6,1887.14,297.98,0,94.35
395,57,1,online,confirmed,online,debit,"2023-09-05 01:01:40",3,1,Toronto,Ontario,1,3,617.10,106.53,0,1345.50
396,79,1,online,delivered,online,credit_card,"2023-04-28 20:54:33",6,20,Toronto,Ontario,4,17,3735.15,589.35,1,1409.90
397,21,1,online,delivered,online,debit,"2024-03-31 05:47:15",1,5,Kingston,Ontario,2,7,2622.49,295.77,0,27.01
398,65,1,online,returned,online,debit,"2025-04-14 18:33:35",2,18,"Niagara Falls",Ontario,2,2,610.38,71.49,1,33.11
399,140,1,online,confirmed,online,debit,"2023-04-20 08:57:09",5,8,Kitchener,Ontario,2,4,739.70,67.34,0,252.01
400,215,1,online,shipped,online,paypal,"2024-01-21 18:24:27",1,18,Toronto,Ontario,4,16,2167.94,251.02,1,650.55
401,161,7,physical,delivered,store,credit_card,"2023-05-25 20:54:52",5,20,Kingston,Ontario,5,11,1917.19,448.34,0,204.17
402,215,5,physical,confirmed,store,credit_card,"2025-09-14 20:07:18",1,20,Toronto,Ontario,5,13,2837.82,551.77,0,101.69
403,79,7,physical,shipped,store,cash,"2025-11-12 22:34:51",4,22,Toronto,Ontario,5,18,3606.86,623.46,2,112.89
404,171,8,physical,paid,store,credit_card,"2024-07-12 01:39:07",6,1,Brampton,Ontario,3,14,3310.92,715.81,0,137.64
405,124,6,physical,delivered,store,credit_card,"2025-02-19 01:00:45",4,1,Ottawa,Ontario,4,13,3850.06,641.33,2,77.99
406,107,1,online,delivered,online,paypal,"2024-01-28 19:02:56",1,19,Toronto,Ontario,1,5,1988.44,420.41,1,467.72
407,124,1,online,returned,online,debit,"2024-08-17 14:53:13",7,14,Mississauga,Ontario,3,6,636.94,135.40,0,527.32
408,72,1,online,confirmed,online,credit_card,"2024-01-31 07:26:46",4,7,Toronto,Ontario,4,14,2227.25,608.32,1,517.91
409,144,1,online,delivered,online,credit_card,"2025-09-04 01:15:03",5,1,Kingston,Ontario,2,5,1436.57,330.52,0,266.58
410,146,5,physical,returned,store,credit_card,"2023-11-02 19:02:22",5,19,"Niagara Falls",Ontario,2,10,2470.99,325.46,0,573.74
411,142,7,physical,returned,store,other,"2024-08-19 09:03:51",2,9,Kingston,Ontario,1,2,561.15,188.63,0,192.89
412,210,8,physical,shipped,store,credit_card,"2024-04-21 10:38:00",1,10,Brampton,Ontario,5,15,4592.76,832.08,0,528.75
413,249,8,physical,delivered,store,credit_card,"2023-03-16 05:52:43",5,5,Kitchener,Ontario,3,13,2029.64,548.41,1,450.46
414,161,6,physical,delivered,store,cash,"2024-04-28 05:14:00",1,5,Kingston,Ontario,5,14,2935.09,324.03,0,708.86
415,21,1,online,shipped,online,debit,"2025-06-24 22:01:23",3,22,Kingston,Ontario,5,18,3173.79,487.43,0,1270.90
416,134,1,online,paid,online,credit_card,"2023-04-15 22:17:42",7,22,Toronto,Ontario,2,7,2466.52,519.93,1,1321.32
417,90,7,physical,delivered,store,paypal,"2025-06-07 06:15:54",7,6,Toronto,Ontario,5,15,2111.89,526.78,0,226.48
418,212,1,online,confirmed,online,credit_card,"2024-09-04 09:28:17",4,9,Kitchener,Ontario,4,12,3559.47,459.06,0,295.18
419,102,1,online,shipped,online,debit,"2024-10-21 13:27:44",2,13,Mississauga,Ontario,3,6,1939.21,257.50,1,283.75
420,89,1,online,delivered,online,paypal,"2024-09-24 00:15:55",3,0,Toronto,Ontario,3,8,1239.62,471.39,1,30.47
421,165,3,physical,paid,store,debit,"2024-12-02 13:20:13",2,13,Toronto,Ontario,2,3,991.23,242.68,1,1074.94
422,148,1,online,delivered,online,gift_card,"2025-10-07 19:50:48",3,19,Hamilton,Ontario,1,2,657.01,107.63,1,339.73
423,83,6,physical,delivered,store,cash,"2025-01-05 09:18:11",1,9,Kitchener,Ontario,1,4,595.33,92.99,0,20.83
424,40,1,online,cancelled,online,paypal,"2025-02-28 07:14:06",6,7,Ottawa,Ontario,1,4,1345.44,146.64,0,596.42
425,8,5,physical,confirmed,store,gift_card,"2025-07-01 06:49:38",3,6,London,Ontario,4,12,3853.00,134.26,1,194.44
426,143,9,physical,shipped,store,other,"2025-01-22 13:44:33",4,13,Hamilton,Ontario,1,5,427.86,62.49,0,74.32
427,200,1,online,shipped,online,gift_card,"2023-04-24 07:00:36",2,7,Hamilton,Ontario,3,7,1664.81,180.10,1,120.15
428,82,7,physical,delivered,store,debit,"2025-03-14 18:51:46",6,18,London,Ontario,1,1,62.51,21.19,0,525.28
429,102,1,online,delivered,online,debit,"2025-07-11 08:56:57",6,8,Toronto,Ontario,1,1,367.64,111.79,1,267.57
430,152,6,physical,paid,store,credit_card,"2024-12-04 14:55:53",4,14,Kitchener,Ontario,2,5,548.36,69.78,0,217.59
431,40,1,online,shipped,online,credit_card,"2023-09-18 02:04:17",2,2,Kitchener,Ontario,3,12,2437.97,331.03,1,937.80
432,66,9,physical,delivered,store,credit_card,"2024-11-15 06:57:22",6,6,"Niagara Falls",Ontario,2,6,2195.84,255.93,2,878.94
433,167,9,physical,shipped,store,debit,"2025-10-14 07:33:53",3,7,Mississauga,Ontario,4,10,1229.58,138.97,1,1128.22
434,118,7,physical,delivered,store,credit_card,"2025-05-21 04:17:22",4,4,Kingston,Ontario,5,14,3372.63,945.66,1,1169.53
435,65,1,online,delivered,online,paypal,"2023-09-16 23:31:03",7,23,Kitchener,Ontario,3,6,1834.33,135.23,0,193.01
436,175,3,physical,paid,store,paypal,"2025-03-18 16:49:38",3,16,Brampton,Ontario,4,14,2290.46,366.60,1,162.06
437,69,8,physical,delivered,store,credit_card,"2023-04-26 01:30:20",4,1,Kitchener,Ontario,3,10,2141.26,459.42,0,102.97
438,93,8,physical,returned,store,gift_card,"2023-08-27 09:57:16",1,9,Hamilton,Ontario,1,5,694.69,25.06,0,455.55
439,111,4,physical,delivered,store,credit_card,"2025-04-08 23:57:44",3,23,London,Ontario,1,3,784.00,168.68,0,86.70
440,185,2,physical,returned,store,credit_card,"2024-11-09 10:47:22",7,10,Kingston,Ontario,4,12,2143.40,263.16,0,1340.68
441,146,1,online,delivered,online,debit,"2024-01-21 20:33:20",1,20,Toronto,Ontario,2,3,956.67,96.44,1,1400.53
442,84,1,online,paid,online,gift_card,"2025-04-10 00:54:31",5,0,Kingston,Ontario,2,9,1141.79,270.71,0,219.53
443,39,1,online,delivered,online,credit_card,"2025-08-09 21:15:57",7,21,London,Ontario,4,12,1226.45,169.91,1,52.25
444,54,1,online,paid,online,other,"2023-01-14 04:33:42",7,4,Mississauga,Ontario,3,10,955.40,394.55,2,1010.35
445,133,2,physical,delivered,store,debit,"2024-09-09 03:52:35",2,3,London,Ontario,5,18,3741.65,621.07,1,61.48
446,138,1,online,delivered,online,other,"2023-10-21 20:37:01",7,20,Ottawa,Ontario,2,4,255.89,12.67,1,82.13
447,163,1,online,cancelled,online,credit_card,"2025-07-29 21:02:37",3,21,Kitchener,Ontario,5,20,4600.22,703.97,0,687.52
448,79,1,online,shipped,online,credit_card,"2025-06-05 05:49:58",5,5,Toronto,Ontario,5,12,3080.27,714.46,0,79.23
449,178,1,online,delivered,online,credit_card,"2024-06-01 01:50:55",7,1,Toronto,Ontario,3,8,1873.75,350.82,0,31.12
450,149,6,physical,shipped,store,gift_card,"2023-03-11 22:11:13",7,22,Hamilton,Ontario,1,3,417.31,66.80,0,871.25
451,207,2,physical,delivered,store,cash,"2024-02-11 11:35:21",1,11,"Niagara Falls",Ontario,1,3,203.44,50.33,0,382.86
452,109,1,online,shipped,online,other,"2024-10-18 15:05:58",6,15,London,Ontario,5,16,4463.70,524.89,0,608.80
453,240,1,online,confirmed,online,gift_card,"2024-05-20 19:31:30",2,19,London,Ontario,5,12,2748.67,652.00,1,84.67
454,156,1,online,returned,online,paypal,"2025-02-07 18:07:55",6,18,London,Ontario,2,6,1066.65,16.90,0,251.19
455,70,6,physical,confirmed,store,credit_card,"2025-05-22 00:46:34",5,0,Kitchener,Ontario,3,11,2218.21,167.75,1,1169.10
456,104,2,physical,delivered,store,credit_card,"2024-04-19 02:20:13",6,2,Kitchener,Ontario,4,8,2140.66,141.68,2,147.06
457,140,1,online,delivered,online,credit_card,"2023-07-24 15:56:05",2,15,Kitchener,Ontario,3,8,1574.84,321.65,1,1239.62
458,156,1,online,confirmed,online,credit_card,"2025-11-23 19:33:17",1,19,London,Ontario,1,1,341.95,19.10,0,25.12
459,160,1,online,delivered,online,credit_card,"2024-07-10 14:23:47",4,14,Kitchener,Ontario,5,9,2453.99,510.62,0,137.57
460,36,8,physical,delivered,store,gift_card,"2024-02-27 17:52:20",3,17,Mississauga,Ontario,3,8,2219.49,451.68,2,146.37
461,142,1,online,paid,online,other,"2023-10-13 01:38:24",6,1,Kingston,Ontario,3,9,2444.64,81.00,1,45.83
462,111,1,online,shipped,online,credit_card,"2024-04-15 02:50:22",2,2,Kitchener,Ontario,4,16,2735.54,503.63,0,106.91
463,156,1,online,pending,online,credit_card,"2023-08-11 15:58:24",6,15,Mississauga,Ontario,3,8,2236.42,344.32,1,200.59
464,232,8,physical,delivered,store,paypal,"2025-05-16 18:15:49",6,18,Kitchener,Ontario,4,13,3627.06,746.46,2,243.63
465,211,5,physical,shipped,store,credit_card,"2023-08-10 16:34:48",5,16,London,Ontario,4,14,2282.56,573.71,2,831.93
466,94,1,online,paid,online,credit_card,"2023-04-13 20:47:28",5,20,"Niagara Falls",Ontario,4,15,3410.54,1046.86,2,144.39
467,104,1,online,pending,online,credit_card,"2023-10-20 17:05:08",6,17,Toronto,Ontario,1,1,43.38,6.35,0,402.59
468,26,9,physical,delivered,store,credit_card,"2023-07-08 06:55:04",7,6,"Niagara Falls",Ontario,1,1,278.20,45.78,1,1167.08
469,162,1,online,shipped,online,gift_card,"2023-08-20 09:59:49",1,9,Toronto,Ontario,1,2,343.25,99.87,0,1115.49
470,180,1,online,returned,online,paypal,"2024-07-04 14:29:48",5,14,Mississauga,Ontario,5,16,3609.10,148.17,0,194.39
471,23,1,online,delivered,online,credit_card,"2023-07-26 18:30:17",4,18,Toronto,Ontario,1,1,393.42,81.21,1,36.66
472,158,1,online,confirmed,online,cash,"2025-06-13 16:22:15",6,16,Toronto,Ontario,3,9,1611.07,188.72,2,45.68
473,70,1,online,cancelled,online,credit_card,"2025-03-17 07:53:27",2,7,Toronto,Ontario,5,15,4078.38,681.36,1,66.47
474,28,2,physical,cancelled,store,credit_card,"2025-05-29 13:18:15",5,13,Hamilton,Ontario,2,6,113.32,30.86,0,673.98
475,77,1,online,delivered,online,paypal,"2024-05-17 18:06:01",6,18,Toronto,Ontario,1,3,1263.68,221.86,1,20.17
476,247,1,online,delivered,online,credit_card,"2025-09-24 22:19:00",4,22,Toronto,Ontario,1,3,456.04,108.35,1,417.46
477,130,1,online,delivered,online,credit_card,"2024-12-10 10:54:30",3,10,"Niagara Falls",Ontario,5,20,5160.63,816.55,1,1403.63
478,95,1,online,confirmed,online,cash,"2023-05-27 08:18:32",7,8,Toronto,Ontario,5,9,1346.68,417.05,1,147.31
479,70,9,physical,confirmed,store,credit_card,"2024-01-25 09:05:25",5,9,Kitchener,Ontario,2,6,694.83,22.18,1,1066.49
480,90,1,online,delivered,online,cash,"2024-12-02 15:46:37",2,15,Toronto,Ontario,2,3,948.57,92.89,0,915.78
481,136,1,online,shipped,online,cash,"2025-08-02 10:04:33",7,10,Kingston,Ontario,2,5,1186.69,312.90,1,751.02
482,135,5,physical,pending,store,credit_card,"2025-05-27 18:49:13",3,18,Toronto,Ontario,3,13,2579.33,836.27,0,607.88
483,21,5,physical,cancelled,store,paypal,"2025-07-20 02:35:46",1,2,Kingston,Ontario,5,14,2040.49,344.24,1,65.85
484,242,9,physical,confirmed,store,paypal,"2025-09-05 06:17:44",6,6,Kingston,Ontario,4,13,2181.81,466.11,2,21.89
485,112,1,online,delivered,online,cash,"2025-03-21 03:12:37",6,3,London,Ontario,3,9,1385.66,404.91,0,396.31
486,97,8,physical,confirmed,store,paypal,"2023-01-14 12:55:13",7,12,Kitchener,Ontario,2,10,2484.56,217.49,0,44.58
487,73,1,online,delivered,online,cash,"2025-09-08 12:12:21",2,12,Toronto,Ontario,2,7,1741.04,71.39,0,653.64
488,79,7,physical,pending,store,credit_card,"2025-02-16 06:36:43",1,6,Toronto,Ontario,5,13,1099.68,246.35,1,329.85
489,129,1,online,pending,online,credit_card,"2025-11-21 02:20:44",6,2,Hamilton,Ontario,2,6,486.59,132.49,1,56.75
490,53,1,online,delivered,online,credit_card,"2025-05-25 02:31:57",1,2,Kingston,Ontario,3,3,236.45,59.22,0,559.29
491,24,1,online,shipped,online,credit_card,"2023-08-07 00:20:39",2,0,Toronto,Ontario,2,8,2163.75,532.21,2,562.57
492,79,1,online,shipped,online,paypal,"2023-05-12 09:40:52",6,9,Toronto,Ontario,2,8,3500.01,369.55,0,504.35
493,13,1,online,delivered,online,debit,"2024-12-14 01:41:35",7,1,Toronto,Ontario,4,8,2571.16,254.05,1,914.69
494,4,2,physical,delivered,store,credit_card,"2023-08-25 15:40:53",6,15,Kingston,Ontario,3,10,2486.52,442.74,2,1333.49
495,139,1,online,shipped,online,credit_card,"2024-12-10 13:18:56",3,13,Hamilton,Ontario,3,13,2711.34,356.05,0,33.00
496,64,6,physical,paid,store,credit_card,"2023-12-29 01:58:08",6,1,Toronto,Ontario,4,10,1715.31,119.24,1,20.84
497,78,8,physical,cancelled,store,credit_card,"2023-02-16 09:20:47",5,9,Hamilton,Ontario,3,11,2804.46,543.29,0,225.97
498,143,1,online,cancelled,online,credit_card,"2025-06-15 08:57:40",1,8,London,Ontario,5,19,6039.08,137.03,0,489.46
499,221,2,physical,delivered,store,credit_card,"2023-11-30 04:45:53",5,4,Kitchener,Ontario,2,7,1511.77,390.38,0,1249.99
500,142,8,physical,delivered,store,debit,"2024-04-16 09:29:07",3,9,Kingston,Ontario,3,9,2531.16,459.15,0,789.88
501,238,1,online,delivered,online,debit,"2023-09-30 22:39:47",7,22,Toronto,Ontario,3,12,2369.67,409.81,0,265.96
502,179,2,physical,delivered,store,credit_card,"2024-04-04 04:18:40",5,4,Toronto,Ontario,3,12,2059.66,369.49,0,455.00
503,88,4,physical,returned,store,cash,"2023-07-12 01:43:32",4,1,London,Ontario,4,10,3132.78,702.69,1,1359.00
504,216,8,physical,shipped,store,credit_card,"2024-12-04 10:04:04",4,10,"Niagara Falls",Ontario,1,1,128.35,26.77,0,875.21
505,8,3,physical,pending,store,credit_card,"2024-08-22 02:27:35",5,2,London,Ontario,1,2,36.67,5.21,2,716.37
506,146,1,online,shipped,online,debit,"2024-02-28 16:00:55",4,16,Toronto,Ontario,5,12,2036.07,579.60,0,132.56
507,197,1,online,paid,online,credit_card,"2024-04-21 13:58:56",1,13,Brampton,Ontario,3,9,1194.72,308.29,0,446.80
508,37,2,physical,delivered,store,credit_card,"2025-06-08 22:55:05",1,22,Brampton,Ontario,4,10,2244.04,359.22,0,83.61
509,209,6,physical,delivered,store,credit_card,"2023-12-27 12:31:59",4,12,"Niagara Falls",Ontario,1,2,728.03,59.53,0,220.72
510,92,7,physical,delivered,store,credit_card,"2023-12-16 12:03:30",7,12,London,Ontario,2,5,883.99,288.52,0,1320.24
511,184,7,physical,shipped,store,debit,"2023-05-07 22:57:28",1,22,Kingston,Ontario,5,13,3743.47,728.92,0,326.88
512,101,8,physical,shipped,store,credit_card,"2023-05-11 00:29:58",5,0,Toronto,Ontario,5,16,3959.67,509.87,0,934.66
513,169,1,online,delivered,online,credit_card,"2024-01-17 19:58:57",4,19,Ottawa,Ontario,3,7,768.36,169.73,0,792.38
514,180,1,online,delivered,online,credit_card,"2025-07-28 06:33:02",2,6,Mississauga,Ontario,5,13,3363.73,396.56,1,99.22
515,223,1,online,shipped,online,debit,"2025-01-03 11:09:12",6,11,"Niagara Falls",Ontario,2,7,244.54,32.59,2,611.60
516,57,1,online,delivered,online,debit,"2024-04-24 04:47:30",4,4,Toronto,Ontario,4,17,2644.61,509.68,0,128.41
517,202,1,online,shipped,online,other,"2023-03-29 07:13:53",4,7,Kitchener,Ontario,5,14,4416.61,612.95,0,1330.00
518,54,2,physical,delivered,store,debit,"2025-01-16 00:25:21",5,0,"Niagara Falls",Ontario,5,17,3962.95,732.81,0,76.94
519,229,1,online,cancelled,online,credit_card,"2025-11-24 10:01:45",2,10,"Niagara Falls",Ontario,5,14,3717.88,249.39,0,787.48
520,118,6,physical,shipped,store,gift_card,"2023-06-06 07:22:48",3,7,Kingston,Ontario,1,2,605.09,157.53,2,23.26
521,98,1,online,delivered,online,cash,"2024-03-21 13:35:05",5,13,Toronto,Ontario,5,14,3516.96,622.87,1,1393.07
522,114,8,physical,pending,store,credit_card,"2024-06-13 14:57:45",5,14,"Niagara Falls",Ontario,4,10,3372.20,108.00,0,405.17
523,19,3,physical,delivered,store,gift_card,"2025-08-16 23:32:39",7,23,Brampton,Ontario,2,5,560.25,147.77,1,645.83
524,95,3,physical,returned,store,credit_card,"2023-01-28 15:53:04",7,15,Toronto,Ontario,5,15,3815.47,528.15,2,593.79
525,12,1,online,shipped,online,debit,"2023-12-20 18:18:42",4,18,Toronto,Ontario,3,10,2244.08,698.24,0,22.85
526,77,1,online,returned,online,cash,"2024-08-17 00:37:29",7,0,Toronto,Ontario,2,7,1919.59,538.86,0,343.68
527,53,7,physical,returned,store,debit,"2025-09-26 23:33:06",6,23,Kingston,Ontario,3,13,3655.72,977.14,2,32.53
528,235,1,online,delivered,online,debit,"2023-01-15 16:10:42",1,16,Kingston,Ontario,4,8,1639.22,329.92,1,28.43
529,87,7,physical,paid,store,debit,"2024-10-11 11:04:35",6,11,Mississauga,Ontario,2,4,643.06,122.28,0,30.07
530,91,1,online,delivered,online,credit_card,"2023-02-20 04:05:27",2,4,Toronto,Ontario,2,6,2018.23,685.20,1,386.79
531,26,1,online,confirmed,online,debit,"2024-02-04 04:01:50",1,4,"Niagara Falls",Ontario,3,11,1375.23,120.38,0,326.89
532,125,1,online,pending,online,credit_card,"2024-01-21 07:23:58",1,7,Kitchener,Ontario,1,1,313.67,8.95,1,1328.40
533,96,7,physical,returned,store,cash,"2023-07-18 16:18:01",3,16,Kingston,Ontario,4,12,1212.45,187.30,1,47.11
534,25,9,physical,paid,store,debit,"2025-04-12 15:09:17",7,15,Toronto,Ontario,2,10,1922.71,602.44,0,919.33
535,115,1,online,delivered,online,debit,"2023-02-13 01:58:26",2,1,Kingston,Ontario,4,19,3250.17,853.16,0,1176.95
536,240,2,physical,returned,store,debit,"2025-05-13 19:57:48",3,19,Ottawa,Ontario,4,13,2443.35,531.01,0,727.54
537,26,1,online,paid,online,credit_card,"2024-01-23 19:14:39",3,19,"Niagara Falls",Ontario,3,7,2270.56,738.15,1,230.11
538,173,8,physical,delivered,store,cash,"2024-07-06 04:15:07",7,4,"Niagara Falls",Ontario,1,2,966.17,14.21,2,338.05
539,46,1,online,shipped,online,other,"2024-05-02 13:30:59",5,13,London,Ontario,2,7,1075.80,190.55,1,229.52
540,242,1,online,delivered,online,credit_card,"2024-09-02 18:16:39",2,18,Kingston,Ontario,1,5,1248.96,453.39,0,495.22
541,144,1,online,shipped,online,cash,"2023-06-12 18:17:31",2,18,Kingston,Ontario,1,2,72.07,2.39,1,631.26
542,133,1,online,delivered,online,other,"2023-11-14 11:17:17",3,11,Kitchener,Ontario,1,2,960.69,12.93,2,1106.66
543,117,8,physical,delivered,store,credit_card,"2024-08-26 23:17:40",2,23,Kitchener,Ontario,1,2,85.83,7.03,1,23.64
544,31,4,physical,delivered,store,credit_card,"2023-08-02 09:53:56",4,9,London,Ontario,5,14,3099.01,491.90,1,489.59
545,195,1,online,delivered,online,other,"2025-06-08 02:02:16",1,2,Brampton,Ontario,4,17,2563.80,858.98,0,1410.52
546,32,5,physical,delivered,store,cash,"2024-10-09 08:48:24",4,8,Toronto,Ontario,3,8,2840.59,258.42,0,255.42
547,227,1,online,paid,online,paypal,"2024-06-18 20:30:10",3,20,Kingston,Ontario,2,4,1543.68,234.64,1,737.78
548,178,2,physical,shipped,store,paypal,"2023-01-08 05:12:42",1,5,Mississauga,Ontario,4,17,6599.65,738.05,1,111.66
549,46,1,online,delivered,online,credit_card,"2025-03-02 11:25:09",1,11,London,Ontario,4,14,3450.62,1025.29,1,213.35
550,171,5,physical,paid,store,cash,"2024-08-23 12:03:36",6,12,Toronto,Ontario,3,9,1902.03,187.45,1,294.82
551,249,7,physical,delivered,store,credit_card,"2024-12-03 08:09:54",3,8,Toronto,Ontario,1,3,1249.27,7.73,0,95.26
552,56,1,online,delivered,online,debit,"2024-12-05 02:55:49",5,2,Toronto,Ontario,1,4,711.97,245.63,1,542.61
553,113,1,online,confirmed,online,debit,"2023-09-27 18:20:05",4,18,Ottawa,Ontario,5,13,2595.96,509.05,0,198.81
554,72,1,online,delivered,online,credit_card,"2023-06-23 11:17:22",6,11,Kitchener,Ontario,2,6,1881.92,638.45,0,1488.16
555,72,1,online,paid,online,cash,"2024-03-10 15:35:15",1,15,Toronto,Ontario,3,7,961.72,226.32,2,649.35
556,226,1,online,confirmed,online,cash,"2024-11-12 12:00:39",3,12,Hamilton,Ontario,5,21,4647.43,822.26,1,44.46
557,204,1,online,paid,online,credit_card,"2025-05-16 23:18:52",6,23,London,Ontario,4,14,2362.62,650.28,0,20.18
558,73,1,online,delivered,online,debit,"2023-12-03 01:39:42",1,1,Ottawa,Ontario,4,14,3621.54,368.60,0,20.05
559,85,7,physical,returned,store,debit,"2023-05-07 22:11:51",1,22,Hamilton,Ontario,3,9,2661.64,320.47,1,230.81
560,14,6,physical,delivered,store,debit,"2025-08-09 14:43:54",7,14,Toronto,Ontario,4,15,5767.07,665.01,0,516.41
561,229,1,online,delivered,online,credit_card,"2023-08-16 13:48:40",4,13,Toronto,Ontario,3,10,2556.21,396.43,1,825.64
562,53,1,online,cancelled,online,cash,"2023-10-25 17:49:34",4,17,Kingston,Ontario,4,10,2578.24,441.81,0,30.10
563,27,3,physical,shipped,store,credit_card,"2025-04-23 17:56:00",4,17,Mississauga,Ontario,5,16,5325.11,947.26,1,118.72
564,153,9,physical,delivered,store,credit_card,"2023-08-07 16:28:48",2,16,Ottawa,Ontario,2,4,1298.64,459.04,2,21.79
565,70,1,online,delivered,online,credit_card,"2023-01-05 12:54:17",5,12,Kitchener,Ontario,4,10,2929.42,339.47,2,841.16
566,43,1,online,paid,online,debit,"2024-04-14 21:47:29",1,21,Toronto,Ontario,4,13,4472.25,680.84,0,87.14
567,39,6,physical,confirmed,store,debit,"2025-02-28 11:08:33",6,11,Mississauga,Ontario,4,16,2930.37,276.93,0,347.28
568,53,1,online,shipped,online,credit_card,"2023-12-17 17:46:54",1,17,Kingston,Ontario,2,6,1955.96,452.42,1,367.92
569,244,1,online,paid,online,credit_card,"2025-07-05 02:57:41",7,2,Ottawa,Ontario,2,6,1896.74,349.40,1,729.56
570,6,1,online,shipped,online,credit_card,"2023-03-25 03:23:49",7,3,Mississauga,Ontario,3,8,1658.91,111.01,0,1237.86
571,52,1,online,shipped,online,credit_card,"2025-10-05 04:20:48",1,4,Ottawa,Ontario,1,5,2031.23,156.42,0,119.45
572,33,1,online,paid,online,credit_card,"2024-05-23 22:22:02",5,22,"Niagara Falls",Ontario,4,15,3543.36,424.86,0,273.21
573,60,1,online,delivered,online,debit,"2024-10-22 01:52:14",3,1,London,Ontario,4,12,3881.36,334.59,1,160.08
574,146,1,online,cancelled,online,debit,"2025-06-21 00:05:44",7,0,Toronto,Ontario,1,3,723.23,16.81,2,1337.54
575,239,8,physical,pending,store,credit_card,"2023-04-13 19:57:35",5,19,Toronto,Ontario,2,6,1423.83,142.17,0,164.25
576,88,1,online,paid,online,paypal,"2023-04-03 07:16:12",2,7,London,Ontario,1,5,1277.55,460.55,2,588.71
577,131,1,online,delivered,online,credit_card,"2024-08-30 09:50:20",6,9,Brampton,Ontario,2,8,2667.31,204.02,2,21.60
578,143,1,online,shipped,online,gift_card,"2025-07-20 11:28:11",1,11,Hamilton,Ontario,1,2,175.80,40.78,2,580.91
579,69,7,physical,paid,store,debit,"2025-10-06 04:28:03",2,4,"Niagara Falls",Ontario,3,8,2335.67,627.37,0,56.17
580,143,1,online,delivered,online,debit,"2024-04-05 21:24:54",6,21,Hamilton,Ontario,1,4,1649.36,104.44,0,49.06
581,55,1,online,confirmed,online,paypal,"2025-11-13 10:17:35",5,10,Brampton,Ontario,1,1,27.11,1.61,0,1382.92
582,69,1,online,shipped,online,credit_card,"2025-07-23 18:44:43",4,18,Kitchener,Ontario,3,10,951.07,249.71,2,870.82
583,240,8,physical,delivered,store,credit_card,"2024-08-21 05:37:13",4,5,Ottawa,Ontario,1,3,249.00,66.99,0,743.68
584,76,1,online,delivered,online,paypal,"2023-07-29 20:12:55",7,20,Kingston,Ontario,5,24,4007.26,991.66,1,21.21
585,136,1,online,shipped,online,debit,"2025-04-04 23:43:25",6,23,Kitchener,Ontario,4,16,2652.33,711.30,0,457.90
586,175,2,physical,paid,store,credit_card,"2024-04-09 06:44:06",3,6,Kingston,Ontario,1,2,663.72,136.28,0,872.54
587,126,8,physical,delivered,store,credit_card,"2024-03-07 21:37:57",5,21,Hamilton,Ontario,4,18,4425.04,1542.54,0,27.41
588,135,1,online,paid,online,credit_card,"2023-12-17 13:40:22",1,13,Toronto,Ontario,3,10,2323.95,237.45,0,142.20
589,32,8,physical,cancelled,store,credit_card,"2024-04-27 10:05:38",7,10,Toronto,Ontario,1,1,51.09,9.32,0,168.79
590,103,1,online,shipped,online,credit_card,"2023-12-07 21:05:00",5,21,Kitchener,Ontario,2,9,3028.15,478.28,1,20.39
591,211,4,physical,shipped,store,debit,"2025-05-20 22:20:25",3,22,Kitchener,Ontario,4,14,2590.18,405.01,1,1459.93
592,136,1,online,delivered,online,debit,"2025-05-13 00:42:34",3,0,London,Ontario,4,15,2005.98,597.52,1,90.71
593,200,1,online,delivered,online,credit_card,"2023-02-08 15:33:15",4,15,Hamilton,Ontario,3,11,1429.69,224.69,1,1273.14
594,176,1,online,delivered,online,credit_card,"2025-05-08 02:34:14",5,2,London,Ontario,1,3,52.26,3.81,0,588.84
595,187,1,online,delivered,online,debit,"2025-05-01 22:50:11",5,22,Ottawa,Ontario,5,17,4391.92,510.51,0,142.23
596,155,6,physical,returned,store,paypal,"2025-11-13 09:10:46",5,9,Mississauga,Ontario,2,6,1268.87,153.49,1,48.97
597,95,1,online,delivered,online,other,"2025-08-26 04:11:10",3,4,Toronto,Ontario,3,8,1379.28,335.98,0,942.94
598,57,3,physical,delivered,store,credit_card,"2024-10-22 21:40:41",3,21,Brampton,Ontario,1,2,288.58,116.38,1,527.68
599,134,1,online,delivered,online,credit_card,"2024-08-24 14:48:30",7,14,Toronto,Ontario,5,16,2192.39,484.11,0,218.86
600,20,1,online,confirmed,online,credit_card,"2024-09-15 13:19:18",1,13,Kitchener,Ontario,5,15,3807.11,938.41,1,365.58
601,110,4,physical,cancelled,store,cash,"2024-03-22 04:15:31",6,4,Kitchener,Ontario,3,5,584.99,181.01,2,716.80
602,27,1,online,delivered,online,debit,"2023-06-28 05:48:57",4,5,Mississauga,Ontario,1,1,13.38,5.17,2,755.98
603,7,8,physical,shipped,store,credit_card,"2025-10-03 16:12:58",6,16,Mississauga,Ontario,4,16,1967.79,536.37,0,805.41
604,102,1,online,confirmed,online,other,"2023-09-30 14:46:02",7,14,Mississauga,Ontario,1,3,91.12,5.33,0,166.65
605,224,5,physical,shipped,store,credit_card,"2025-11-04 22:45:08",3,22,Kitchener,Ontario,4,13,2798.16,238.91,1,700.33
606,194,1,online,cancelled,online,credit_card,"2025-11-19 09:20:26",4,9,Mississauga,Ontario,3,8,2558.79,180.81,0,122.30
607,159,3,physical,delivered,store,credit_card,"2023-07-10 05:06:14",2,5,"Niagara Falls",Ontario,3,9,1172.98,86.47,2,270.41
608,174,1,online,delivered,online,credit_card,"2025-08-24 03:57:00",1,3,Kingston,Ontario,2,2,364.85,128.19,2,118.06
609,110,1,online,delivered,online,credit_card,"2023-12-30 07:41:31",7,7,Kitchener,Ontario,4,11,1649.47,275.61,1,252.71
610,75,1,online,shipped,online,cash,"2023-09-26 02:31:37",3,2,"Niagara Falls",Ontario,1,3,114.14,47.77,1,1443.31
611,22,1,online,pending,online,gift_card,"2024-06-26 06:47:16",4,6,London,Ontario,5,12,1572.17,425.74,0,74.64
612,85,5,physical,shipped,store,credit_card,"2024-08-02 21:19:51",6,21,Toronto,Ontario,1,3,556.22,68.59,2,45.39
613,122,1,online,confirmed,online,paypal,"2025-02-01 07:42:24",7,7,Brampton,Ontario,3,9,2666.20,432.18,1,275.74
614,62,1,online,delivered,online,debit,"2025-06-04 23:59:10",4,23,Mississauga,Ontario,5,8,737.15,82.71,2,20.67
615,108,1,online,delivered,online,credit_card,"2023-05-19 06:02:11",6,6,London,Ontario,5,11,2220.92,565.14,0,51.69
616,82,1,online,delivered,online,credit_card,"2023-01-11 16:06:42",4,16,Ottawa,Ontario,4,16,4320.40,1317.69,2,21.28
617,110,1,online,paid,online,credit_card,"2025-05-14 10:39:40",4,10,"Niagara Falls",Ontario,3,10,2115.92,336.60,0,33.68
618,29,1,online,delivered,online,debit,"2025-09-20 12:22:21",7,12,Kitchener,Ontario,2,6,1940.07,627.71,0,1099.52
619,115,1,online,delivered,online,paypal,"2023-08-27 02:07:49",1,2,Hamilton,Ontario,1,3,684.63,223.59,0,27.78
620,144,1,online,paid,online,credit_card,"2024-05-30 15:09:14",5,15,Toronto,Ontario,3,6,1766.63,184.70,0,317.14
621,3,1,online,delivered,online,credit_card,"2023-05-08 06:50:40",2,6,Mississauga,Ontario,3,11,3347.61,889.66,1,31.59
622,2,1,online,delivered,online,credit_card,"2024-11-11 09:18:59",2,9,Toronto,Ontario,5,22,3387.31,595.69,1,1077.08
623,29,1,online,paid,online,paypal,"2024-06-05 01:30:30",4,1,Toronto,Ontario,2,6,1323.71,249.49,1,1319.49
624,240,1,online,delivered,online,credit_card,"2025-01-07 23:48:12",3,23,Ottawa,Ontario,4,16,3972.14,761.93,1,1318.88
625,161,1,online,shipped,online,cash,"2023-10-22 04:52:21",1,4,Kingston,Ontario,3,10,2893.40,724.29,0,1199.71
626,76,1,online,delivered,online,gift_card,"2025-08-19 17:13:21",3,17,Kingston,Ontario,3,11,2182.48,296.14,1,1378.59
627,133,5,physical,shipped,store,credit_card,"2023-10-29 03:58:30",1,3,London,Ontario,1,3,721.79,200.62,2,1023.56
628,169,1,online,paid,online,credit_card,"2023-01-27 05:41:27",6,5,Ottawa,Ontario,1,1,259.57,36.96,0,1064.16
629,134,1,online,cancelled,online,paypal,"2023-01-23 05:20:05",2,5,Toronto,Ontario,3,11,507.43,146.48,0,547.48
630,230,3,physical,delivered,store,credit_card,"2024-02-17 18:51:28",7,18,Ottawa,Ontario,2,7,1343.90,135.55,1,51.00
631,215,3,physical,delivered,store,credit_card,"2025-03-08 18:14:06",7,18,Kingston,Ontario,4,14,2227.15,397.43,0,20.68
632,83,8,physical,shipped,store,cash,"2024-07-18 02:25:06",5,2,London,Ontario,1,1,342.45,129.31,0,434.74
633,100,9,physical,paid,store,credit_card,"2025-06-02 07:06:44",2,7,Kingston,Ontario,5,14,1932.21,251.20,0,854.92
634,138,1,online,shipped,online,debit,"2024-06-03 11:38:34",2,11,Toronto,Ontario,1,2,205.95,75.61,0,1314.37
635,18,3,physical,delivered,store,cash,"2024-03-21 10:02:23",5,10,"Niagara Falls",Ontario,1,4,1124.83,17.37,2,123.18
636,218,1,online,delivered,online,paypal,"2023-11-29 04:07:40",4,4,Toronto,Ontario,5,16,3686.06,297.06,0,897.96
637,79,1,online,pending,online,debit,"2024-06-12 14:23:56",4,14,Toronto,Ontario,4,9,2681.81,231.95,2,71.63
638,222,1,online,cancelled,online,debit,"2023-07-09 04:23:50",1,4,Mississauga,Ontario,2,9,3700.21,630.76,1,293.88
639,106,1,online,delivered,online,paypal,"2023-06-30 22:23:39",6,22,Kitchener,Ontario,5,15,3490.54,657.39,2,1019.07
640,167,3,physical,shipped,store,debit,"2024-11-05 16:45:07",3,16,Mississauga,Ontario,5,13,3124.42,824.22,0,812.54
641,20,1,online,delivered,online,credit_card,"2023-02-11 00:09:49",7,0,Mississauga,Ontario,1,3,22.60,1.94,0,107.27
642,13,8,physical,delivered,store,credit_card,"2023-04-13 15:47:40",5,15,Toronto,Ontario,4,15,3094.47,575.10,1,936.73
643,155,1,online,delivered,online,credit_card,"2024-06-01 06:59:41",7,6,Ottawa,Ontario,5,14,2191.74,482.50,1,22.16
644,106,8,physical,paid,store,credit_card,"2024-11-17 05:23:28",1,5,Kitchener,Ontario,1,5,293.03,48.17,0,40.01
645,120,5,physical,delivered,store,credit_card,"2025-02-01 13:34:12",7,13,Kingston,Ontario,4,13,3014.64,404.32,0,1154.07
646,205,1,online,confirmed,online,credit_card,"2023-10-26 18:13:03",5,18,Ottawa,Ontario,1,4,1306.99,55.41,0,695.26
647,100,1,online,delivered,online,credit_card,"2025-08-15 13:54:10",6,13,Kingston,Ontario,1,1,354.14,108.03,0,639.11
648,246,4,physical,confirmed,store,credit_card,"2024-10-01 04:53:51",3,4,Brampton,Ontario,1,2,735.60,24.80,2,480.23
649,245,1,online,delivered,online,cash,"2025-05-17 16:52:17",7,16,Ottawa,Ontario,3,9,1240.95,155.10,1,78.28
650,24,2,physical,delivered,store,debit,"2023-09-12 08:40:50",3,8,Toronto,Ontario,3,7,1167.58,254.64,1,30.98
651,185,1,online,paid,online,paypal,"2024-03-04 23:53:12",2,23,Kingston,Ontario,4,10,2834.84,377.28,1,230.31
652,173,8,physical,delivered,store,cash,"2025-04-14 03:10:38",2,3,London,Ontario,4,15,2265.23,441.74,1,1023.91
653,216,1,online,pending,online,credit_card,"2025-11-17 12:54:10",2,12,Brampton,Ontario,2,7,1107.08,253.04,0,194.77
654,82,5,physical,delivered,store,credit_card,"2023-11-28 03:53:01",3,3,Toronto,Ontario,3,7,382.22,122.79,0,64.63
655,125,1,online,delivered,online,debit,"2023-06-12 07:06:21",2,7,Kitchener,Ontario,3,13,2556.09,454.26,0,283.44
656,188,5,physical,delivered,store,cash,"2025-05-14 02:45:03",4,2,Brampton,Ontario,4,15,2813.29,721.07,0,108.17
657,68,3,physical,delivered,store,gift_card,"2023-02-18 10:36:00",7,10,Brampton,Ontario,3,7,2875.65,175.99,0,20.01
658,211,1,online,delivered,online,paypal,"2024-11-03 08:11:43",1,8,London,Ontario,5,12,2095.59,508.19,2,86.51
659,63,1,online,delivered,online,gift_card,"2024-01-15 12:01:00",2,12,Brampton,Ontario,5,9,3031.78,306.15,1,327.91
660,155,1,online,delivered,online,debit,"2025-06-17 05:39:17",3,5,Mississauga,Ontario,2,6,1650.19,492.17,0,72.44
661,128,1,online,delivered,online,credit_card,"2024-01-24 03:50:32",4,3,Hamilton,Ontario,3,11,3219.71,668.37,1,54.06
662,74,1,online,paid,online,paypal,"2023-03-04 23:44:20",7,23,"Niagara Falls",Ontario,4,14,3219.10,489.38,1,321.62
663,249,2,physical,paid,store,credit_card,"2023-08-08 04:32:45",3,4,Kingston,Ontario,1,2,722.65,49.35,1,1100.64
664,163,1,online,confirmed,online,debit,"2023-02-04 22:12:14",7,22,Kitchener,Ontario,5,13,2354.07,343.27,0,20.02
665,85,2,physical,pending,store,cash,"2025-03-17 01:26:31",2,1,Ottawa,Ontario,1,1,226.00,28.69,0,869.70
666,52,3,physical,returned,store,gift_card,"2024-10-23 00:08:37",4,0,Mississauga,Ontario,4,16,2409.61,336.28,0,612.95
667,148,1,online,delivered,online,credit_card,"2023-02-24 18:02:32",6,18,Kingston,Ontario,1,4,738.52,199.64,0,810.79
668,182,4,physical,shipped,store,debit,"2024-12-04 08:39:53",4,8,Ottawa,Ontario,5,13,3680.14,350.48,0,531.07
669,242,1,online,delivered,online,debit,"2025-06-17 02:19:08",3,2,Kitchener,Ontario,1,3,1078.04,260.77,0,225.45
670,80,1,online,shipped,online,credit_card,"2024-04-23 23:34:52",3,23,Kingston,Ontario,4,11,1172.33,144.40,1,399.33
671,184,1,online,paid,online,credit_card,"2023-04-03 07:32:57",2,7,Hamilton,Ontario,5,17,3624.91,223.99,2,1475.02
672,161,1,online,delivered,online,credit_card,"2025-08-12 12:44:52",3,12,Kingston,Ontario,5,19,3585.08,552.20,1,281.01
673,237,1,online,delivered,online,paypal,"2023-01-24 14:53:30",3,14,Ottawa,Ontario,3,8,2061.85,187.59,1,1020.33
674,199,1,online,delivered,online,credit_card,"2025-09-28 01:23:41",1,1,Toronto,Ontario,2,5,575.86,217.89,1,297.28
675,112,1,online,delivered,online,debit,"2023-06-19 18:36:41",2,18,London,Ontario,4,11,1997.51,557.48,0,40.86
676,107,4,physical,delivered,store,debit,"2023-02-25 11:52:41",7,11,Toronto,Ontario,5,11,2992.82,464.79,1,756.76
677,15,1,online,shipped,online,credit_card,"2024-12-21 07:14:58",7,7,Toronto,Ontario,5,12,1077.02,150.42,0,547.44
678,28,6,physical,shipped,store,credit_card,"2025-02-22 14:53:56",7,14,Kingston,Ontario,5,15,3174.90,273.46,1,658.05
679,166,2,physical,delivered,store,cash,"2024-09-19 10:33:28",5,10,Kitchener,Ontario,5,15,2953.58,467.71,1,61.82
680,30,7,physical,delivered,store,debit,"2024-07-15 21:09:52",2,21,Toronto,Ontario,4,17,2086.25,431.95,0,1220.71
681,39,7,physical,delivered,store,debit,"2025-06-20 11:03:17",6,11,Mississauga,Ontario,2,10,664.44,20.51,1,74.91
682,209,1,online,delivered,online,paypal,"2024-11-10 00:40:56",1,0,"Niagara Falls",Ontario,2,7,2006.76,703.92,1,253.48
683,73,1,online,pending,online,gift_card,"2025-06-13 14:11:34",6,14,Toronto,Ontario,1,1,265.19,86.29,2,20.20
684,52,1,online,delivered,online,credit_card,"2023-06-19 11:05:03",2,11,Mississauga,Ontario,1,3,631.71,39.39,0,695.40
685,11,1,online,shipped,online,gift_card,"2025-06-26 18:58:22",5,18,Ottawa,Ontario,2,4,982.05,114.41,0,1383.22
686,190,8,physical,delivered,store,cash,"2025-05-04 05:53:25",1,5,Kingston,Ontario,2,6,1030.62,321.72,1,148.72
687,124,1,online,pending,online,cash,"2024-08-11 17:33:44",1,17,Ottawa,Ontario,4,13,1630.48,315.80,0,1259.61
688,198,1,online,delivered,online,credit_card,"2025-11-10 19:59:31",2,19,Toronto,Ontario,4,8,1411.30,101.08,1,69.82
689,221,1,online,delivered,online,cash,"2024-08-29 19:21:02",5,19,Hamilton,Ontario,2,7,1322.12,81.32,0,996.45
690,22,6,physical,paid,store,credit_card,"2023-10-27 02:21:17",6,2,London,Ontario,1,1,41.48,2.33,1,206.10
691,80,1,online,paid,online,gift_card,"2024-08-16 21:21:03",6,21,Kingston,Ontario,2,4,462.49,55.82,2,1051.03
692,13,1,online,cancelled,online,credit_card,"2023-08-06 04:52:00",1,4,Ottawa,Ontario,2,5,322.21,95.09,0,256.82
693,163,1,online,paid,online,credit_card,"2024-12-04 22:13:33",4,22,Mississauga,Ontario,5,16,1910.08,614.93,0,59.66
694,198,4,physical,confirmed,store,credit_card,"2025-10-31 03:37:51",6,3,Toronto,Ontario,5,13,2625.77,700.92,1,78.05
695,142,1,online,paid,online,credit_card,"2024-01-13 18:39:24",7,18,Kingston,Ontario,1,1,131.17,19.56,0,154.02
696,128,6,physical,paid,store,debit,"2023-10-10 04:30:01",3,4,Hamilton,Ontario,2,5,816.91,232.56,0,677.55
697,64,5,physical,delivered,store,credit_card,"2023-07-02 17:15:18",1,17,"Niagara Falls",Ontario,4,16,4323.69,318.71,1,64.34
698,27,5,physical,delivered,store,cash,"2024-03-27 03:01:19",4,3,Mississauga,Ontario,3,6,1450.98,150.93,0,1300.40
699,101,1,online,confirmed,online,debit,"2023-02-09 09:13:27",5,9,Toronto,Ontario,2,8,1274.56,312.36,1,1367.31
700,72,1,online,delivered,online,credit_card,"2025-07-27 18:20:29",1,18,Toronto,Ontario,1,1,91.85,21.34,2,21.39
701,134,1,online,shipped,online,other,"2024-06-23 16:32:56",1,16,Toronto,Ontario,3,9,3128.65,665.50,1,41.22
702,153,1,online,shipped,online,credit_card,"2023-06-18 21:21:19",1,21,Ottawa,Ontario,5,18,3860.59,1015.81,0,524.77
703,91,1,online,shipped,online,credit_card,"2025-06-10 09:24:12",3,9,Kitchener,Ontario,4,10,3603.93,533.43,1,160.88
704,98,7,physical,delivered,store,credit_card,"2024-12-13 03:46:25",6,3,Toronto,Ontario,4,5,1110.60,307.46,0,1348.49
705,33,1,online,confirmed,online,credit_card,"2023-09-19 14:15:04",3,14,"Niagara Falls",Ontario,2,5,2240.59,48.41,0,1162.82
706,192,1,online,cancelled,online,credit_card,"2023-09-06 15:25:48",4,15,Mississauga,Ontario,4,12,3289.66,762.50,2,243.14
707,141,1,online,shipped,online,paypal,"2023-07-09 21:02:05",1,21,Ottawa,Ontario,3,9,1431.84,244.06,0,640.81
708,174,1,online,pending,online,credit_card,"2025-05-28 23:14:55",4,23,London,Ontario,4,12,3315.03,583.49,0,93.11
709,173,1,online,delivered,online,paypal,"2025-04-17 16:47:19",5,16,"Niagara Falls",Ontario,4,12,1585.92,215.04,1,368.56
710,213,1,online,paid,online,credit_card,"2024-03-23 03:45:37",7,3,Brampton,Ontario,4,11,3160.35,829.54,1,1305.44
711,200,4,physical,paid,store,other,"2023-06-17 23:00:06",7,23,Kitchener,Ontario,4,16,2300.92,503.73,0,708.98
712,69,1,online,paid,online,credit_card,"2025-01-21 17:15:28",3,17,Kitchener,Ontario,2,7,2467.72,408.75,0,707.70
713,93,5,physical,paid,store,debit,"2023-08-13 13:28:38",1,13,Hamilton,Ontario,4,11,2120.36,513.91,1,619.47
714,76,1,online,delivered,online,debit,"2025-11-17 04:51:45",2,4,Kingston,Ontario,5,15,1812.45,339.97,1,1493.60
715,211,1,online,delivered,online,debit,"2023-11-10 04:58:41",6,4,London,Ontario,5,16,5148.91,537.41,1,178.61
716,149,1,online,paid,online,debit,"2024-03-07 03:39:28",5,3,Hamilton,Ontario,4,15,1811.52,430.22,0,937.57
717,42,1,online,paid,online,credit_card,"2024-06-29 01:36:53",7,1,London,Ontario,5,15,2998.39,615.38,1,597.00
718,92,9,physical,shipped,store,credit_card,"2023-05-29 18:43:03",2,18,Toronto,Ontario,5,10,1753.96,260.70,2,226.00
719,101,1,online,delivered,online,gift_card,"2024-10-15 21:49:58",3,21,Toronto,Ontario,4,7,1368.87,146.01,0,772.54
720,210,4,physical,delivered,store,paypal,"2024-04-17 07:25:53",4,7,Brampton,Ontario,2,6,1043.72,235.62,0,605.98
721,167,2,physical,paid,store,paypal,"2023-10-29 12:22:34",1,12,Mississauga,Ontario,1,1,23.17,5.73,1,604.14
722,248,7,physical,paid,store,paypal,"2023-05-13 00:07:24",7,0,Brampton,Ontario,5,10,983.53,259.62,1,869.19
723,155,1,online,confirmed,online,other,"2024-07-02 21:46:00",3,21,Brampton,Ontario,4,15,1819.49,548.02,0,88.87
724,7,1,online,paid,online,credit_card,"2024-01-24 12:11:17",4,12,Hamilton,Ontario,4,9,945.01,87.10,1,751.89
725,58,1,online,delivered,online,credit_card,"2024-02-20 10:42:34",3,10,"Niagara Falls",Ontario,5,18,4247.97,1239.88,0,1134.31
726,72,1,online,paid,online,gift_card,"2025-10-25 03:45:29",7,3,Toronto,Ontario,4,13,681.02,101.40,0,23.53
727,174,1,online,shipped,online,credit_card,"2025-06-26 00:34:52",5,0,London,Ontario,3,6,727.52,82.83,1,533.49
728,238,1,online,delivered,online,credit_card,"2023-05-03 09:13:02",4,9,Toronto,Ontario,2,5,1325.01,331.19,0,1168.72
729,211,5,physical,shipped,store,credit_card,"2023-07-20 05:26:50",5,5,London,Ontario,2,2,288.21,86.07,0,84.90
730,31,1,online,delivered,online,cash,"2023-06-06 03:26:15",3,3,London,Ontario,2,6,318.50,93.60,0,38.16
731,52,1,online,delivered,online,credit_card,"2023-10-26 18:40:04",5,18,Mississauga,Ontario,1,3,741.34,6.89,0,425.07
732,207,1,online,delivered,online,credit_card,"2023-02-10 08:12:12",6,8,Toronto,Ontario,1,4,16.86,5.90,0,375.03
733,128,5,physical,delivered,store,gift_card,"2023-08-17 13:38:56",5,13,Hamilton,Ontario,2,8,506.09,164.59,0,464.81
734,6,2,physical,pending,store,credit_card,"2023-05-26 16:11:33",6,16,Mississauga,Ontario,5,17,4554.83,760.91,0,42.39
735,15,7,physical,delivered,store,paypal,"2023-11-25 05:12:34",7,5,Toronto,Ontario,3,7,1728.79,356.05,1,443.16
736,112,4,physical,delivered,store,debit,"2024-05-04 02:06:06",7,2,London,Ontario,1,1,355.24,144.40,0,188.64
737,238,9,physical,paid,store,gift_card,"2024-07-07 06:11:49",1,6,Toronto,Ontario,5,14,3441.88,892.70,0,64.03
738,168,1,online,delivered,online,credit_card,"2025-07-14 17:59:13",2,17,"Niagara Falls",Ontario,1,3,912.66,309.69,0,712.41
739,169,1,online,returned,online,credit_card,"2025-02-07 17:46:21",6,17,Mississauga,Ontario,2,8,1759.12,248.20,0,30.17
740,96,7,physical,pending,store,credit_card,"2025-04-09 02:28:16",4,2,Kingston,Ontario,3,12,1575.52,305.03,2,1302.34
741,146,9,physical,confirmed,store,credit_card,"2023-02-10 15:28:45",6,15,Toronto,Ontario,2,8,1542.34,179.18,0,1373.00
742,209,4,physical,cancelled,store,credit_card,"2024-06-12 19:25:49",4,19,"Niagara Falls",Ontario,1,5,914.01,212.29,0,675.17
743,166,1,online,shipped,online,credit_card,"2025-10-03 02:16:24",6,2,Kitchener,Ontario,5,17,3103.89,359.61,0,204.55
744,215,1,online,confirmed,online,credit_card,"2024-05-15 17:38:04",4,17,Toronto,Ontario,4,12,3578.52,266.22,0,424.45
745,42,1,online,delivered,online,credit_card,"2025-04-08 23:29:03",3,23,London,Ontario,5,11,2415.27,647.53,1,323.95
746,154,1,online,delivered,online,credit_card,"2025-07-27 01:30:29",1,1,Hamilton,Ontario,3,14,3711.42,753.75,0,27.86
747,82,1,online,paid,online,debit,"2024-03-28 09:49:46",5,9,Ottawa,Ontario,4,15,4654.27,345.83,1,74.56
748,9,1,online,delivered,online,credit_card,"2025-06-08 06:35:31",1,6,Kingston,Ontario,2,6,944.64,140.63,2,84.85
749,197,1,online,cancelled,online,debit,"2023-10-21 07:25:29",7,7,Toronto,Ontario,3,10,2315.84,381.91,0,464.42
750,104,1,online,shipped,online,credit_card,"2023-03-10 04:19:09",6,4,Kitchener,Ontario,3,9,2625.68,171.33,1,775.13
751,183,7,physical,delivered,store,credit_card,"2023-04-25 03:14:30",3,3,Brampton,Ontario,4,12,2053.24,436.30,2,875.34
752,248,1,online,delivered,online,debit,"2023-07-24 06:18:28",2,6,Brampton,Ontario,2,3,813.57,221.50,2,350.75
753,194,1,online,shipped,online,debit,"2023-12-05 11:23:22",3,11,Mississauga,Ontario,3,4,1161.98,152.53,1,584.54
754,45,3,physical,shipped,store,credit_card,"2024-04-09 07:50:01",3,7,Kitchener,Ontario,3,11,1618.18,205.62,0,20.19
755,125,1,online,confirmed,online,credit_card,"2025-03-07 16:19:26",6,16,Kitchener,Ontario,4,13,2157.46,375.68,1,1360.31
756,51,1,online,delivered,online,credit_card,"2025-04-19 23:39:50",7,23,Kitchener,Ontario,5,18,4575.65,831.20,1,1157.58
757,56,7,physical,delivered,store,debit,"2023-05-20 03:59:43",7,3,Ottawa,Ontario,5,6,1370.35,339.03,0,22.91
758,215,2,physical,delivered,store,debit,"2023-04-16 15:11:29",1,15,Toronto,Ontario,5,13,2931.86,669.28,1,27.78
759,38,4,physical,delivered,store,credit_card,"2023-11-04 17:50:20",7,17,Hamilton,Ontario,2,8,2080.76,341.84,1,938.42
760,246,6,physical,confirmed,store,gift_card,"2025-05-30 02:53:58",6,2,Brampton,Ontario,1,4,1349.35,256.77,0,293.34
761,129,4,physical,returned,store,cash,"2025-01-30 15:54:26",5,15,Ottawa,Ontario,3,12,1627.34,173.14,0,659.64
762,14,9,physical,returned,store,credit_card,"2024-11-25 19:08:22",2,19,Toronto,Ontario,5,14,2112.26,477.65,2,877.51
763,8,1,online,delivered,online,debit,"2024-01-23 20:45:01",3,20,Kitchener,Ontario,5,11,2240.44,519.67,0,229.23
764,64,1,online,delivered,online,cash,"2023-09-02 21:16:12",7,21,"Niagara Falls",Ontario,2,6,861.00,329.89,1,1312.36
765,91,1,online,delivered,online,credit_card,"2024-11-17 16:37:11",1,16,Toronto,Ontario,4,13,2915.75,501.91,1,27.61
766,20,6,physical,confirmed,store,cash,"2024-01-07 19:21:48",1,19,Ottawa,Ontario,3,9,2172.16,651.13,1,976.71
767,141,1,online,paid,online,credit_card,"2025-06-16 17:03:13",2,17,London,Ontario,4,16,5516.82,551.38,1,45.38
768,106,1,online,confirmed,online,credit_card,"2025-10-31 17:02:18",6,17,Kitchener,Ontario,4,15,3822.16,1115.59,0,238.75
769,190,5,physical,pending,store,other,"2024-01-08 20:42:18",2,20,Ottawa,Ontario,4,10,2686.70,413.38,1,167.61
770,208,1,online,delivered,online,cash,"2023-12-11 22:43:03",2,22,Ottawa,Ontario,2,4,1178.36,129.34,1,1154.91
771,74,1,online,delivered,online,credit_card,"2024-12-15 10:28:58",1,10,"Niagara Falls",Ontario,2,5,1308.00,285.63,0,142.43
772,218,1,online,confirmed,online,credit_card,"2025-08-14 16:53:11",5,16,Toronto,Ontario,5,20,2900.57,391.61,0,864.92
773,200,1,online,delivered,online,paypal,"2023-12-21 07:17:12",5,7,Hamilton,Ontario,5,11,2037.70,121.56,0,552.76
774,148,2,physical,paid,store,credit_card,"2024-02-06 04:12:10",3,4,Hamilton,Ontario,2,7,2679.23,255.81,2,1054.84
775,213,1,online,delivered,online,credit_card,"2023-03-07 19:52:57",3,19,Brampton,Ontario,5,13,5006.21,775.30,0,243.62
776,12,3,physical,confirmed,store,debit,"2024-09-17 19:47:32",3,19,Toronto,Ontario,4,10,2959.89,291.68,1,876.29
777,168,3,physical,paid,store,credit_card,"2024-10-04 14:56:26",6,14,Toronto,Ontario,2,7,1742.60,317.18,0,22.27
778,105,1,online,delivered,online,cash,"2024-12-24 12:05:59",3,12,Kingston,Ontario,4,11,2082.41,545.85,0,449.35
779,100,1,online,delivered,online,credit_card,"2023-03-24 20:29:46",6,20,Kingston,Ontario,2,4,1220.99,249.95,0,23.17
780,93,1,online,delivered,online,credit_card,"2025-06-05 21:52:23",5,21,London,Ontario,1,1,223.00,51.52,0,69.13
781,212,1,online,delivered,online,paypal,"2025-07-06 21:52:03",1,21,Toronto,Ontario,3,14,3461.63,606.38,0,1427.60
782,187,1,online,shipped,online,credit_card,"2024-07-28 20:58:10",1,20,Ottawa,Ontario,4,11,4103.89,859.13,0,439.56
783,185,1,online,confirmed,online,debit,"2023-07-29 02:29:41",7,2,Kingston,Ontario,1,3,665.55,172.92,2,21.35
784,35,6,physical,shipped,store,paypal,"2025-04-22 01:50:35",3,1,Kingston,Ontario,2,5,984.71,221.02,0,91.94
785,114,1,online,paid,online,debit,"2024-06-17 01:47:06",2,1,Toronto,Ontario,1,4,643.91,225.49,2,1072.94
786,43,8,physical,shipped,store,credit_card,"2024-10-24 09:22:02",5,9,Mississauga,Ontario,4,11,3924.84,572.23,0,1280.64
787,104,1,online,paid,online,cash,"2024-07-17 20:32:25",4,20,Hamilton,Ontario,3,11,1291.63,109.31,0,214.84
788,137,1,online,cancelled,online,credit_card,"2025-10-31 01:19:56",6,1,Hamilton,Ontario,3,9,1450.74,309.10,2,1110.45
789,81,1,online,delivered,online,credit_card,"2025-05-19 18:58:05",2,18,Kitchener,Ontario,5,18,3259.01,564.10,0,35.50
790,185,1,online,shipped,online,other,"2023-09-30 07:52:54",7,7,Kitchener,Ontario,2,5,1293.14,43.75,0,1435.38
791,131,1,online,paid,online,credit_card,"2023-04-10 08:12:05",2,8,Brampton,Ontario,1,4,1099.49,151.43,1,1253.92
792,64,6,physical,paid,store,gift_card,"2025-08-24 10:37:05",1,10,"Niagara Falls",Ontario,4,11,1318.64,322.54,2,863.00
793,36,1,online,paid,online,credit_card,"2023-12-18 18:11:58",2,18,Kitchener,Ontario,4,9,2049.51,319.88,1,1173.90
794,46,1,online,returned,online,credit_card,"2024-04-24 19:53:13",4,19,London,Ontario,5,11,2460.56,302.02,1,1105.92
795,212,8,physical,paid,store,gift_card,"2023-01-26 22:09:03",5,22,Kitchener,Ontario,4,9,2253.93,380.39,0,113.68
796,159,1,online,delivered,online,paypal,"2025-01-25 15:10:51",7,15,London,Ontario,3,9,898.85,184.23,0,1193.92
797,9,8,physical,paid,store,credit_card,"2023-03-13 20:57:30",2,20,Kingston,Ontario,5,16,2206.34,501.63,1,1013.60
798,70,1,online,delivered,online,debit,"2023-10-25 14:02:59",4,14,Kitchener,Ontario,4,5,967.94,126.01,1,977.96
799,215,9,physical,paid,store,debit,"2025-08-23 22:33:09",7,22,Toronto,Ontario,1,2,442.81,147.57,1,124.58
800,211,8,physical,delivered,store,paypal,"2023-01-18 22:59:21",4,22,London,Ontario,1,5,1005.92,243.88,0,1010.40
