customer_id,first_name,last_name,email,phone,date_of_birth,status,created_at,updated_at
1,Julia,Garcia,julia.garcia1@example.com,+1-416-959-5506,1971-12-21,active,2023-06-09 05:17:49,2023-10-18 14:56:42
2,Sofia,King,sofia.king2@example.com,+1-289-289-7912,1952-11-07,active,2023-12-06 15:24:52,2024-01-20 19:41:34
3,Alexander,Harris,alexander.harris3@example.com,+1-416-774-4257,1998-11-21,active,2024-11-28 19:43:37,2025-03-23 05:54:14
4,Ethan,Hall,ethan.hall4@example.com,+1-613-206-3615,1987-12-01,active,2023-08-30 12:41:45,2023-10-11 08:07:50
5,Chloe,Thomas,chloe.thomas5@example.com,+1-416-294-7224,1958-09-05,active,2024-06-18 07:35:55,2024-10-13 13:09:57
6,Ethan,Hall,ethan.hall6@example.com,+1-416-947-8527,1998-02-09,active,2024-08-11 00:47:04,2024-08-26 08:01:11
7,Daniel,Taylor,daniel.taylor7@example.com,+1-613-843-6925,2001-10-18,active,2023-04-19 01:12:14,2023-04-27 22:45:39
8,Gabriel,Wilson,gabriel.wilson8@example.com,+1-613-496-2307,1970-11-20,inactive,2024-08-13 12:07:58,2024-10-06 11:35:01
9,James,Clark,james.clark9@example.com,+1-613-573-3664,1983-03-19,active,2025-11-07 01:56:29,2025-12-28 22:08:53
10,Mateo,Wright,mateo.wright10@example.com,+1-343-863-2169,2004-08-25,active,2025-04-09 18:10:40,2025-08-29 08:09:17
11,Isabella,Davis,isabella.davis11@example.com,+1-905-588-5422,2007-06-02,active,2023-12-08 03:50:49,2024-04-19 02:22:50
12,Amelia,Young,amelia.young12@example.com,+1-613-994-1916,1970-07-20,inactive,2024-05-05 00:56:31,2024-07-21 22:30:19
13,Ethan,Brown,ethan.brown13@example.com,+1-437-780-6155,1969-01-28,active,2024-09-06 14:13:34,2025-02-25 09:08:54
14,Hannah,Clark,hannah.clark14@example.com,+1-905-346-5339,1962-07-12,active,2025-05-22 01:19:15,2025-09-03 17:08:13
15,Ethan,Walker,ethan.walker15@example.com,+1-289-638-7543,1982-06-23,active,2023-08-03 21:22:52,2023-11-10 19:56:44
16,Henry,Brown,henry.brown16@example.com,+1-613-248-2796,1963-09-18,active,2025-11-23 02:10:42,2026-02-13 01:35:10
17,Victoria,Brown,victoria.brown17@example.com,+1-905-590-8668,1997-06-21,active,2025-05-09 09:45:22,2025-10-23 13:16:48
18,Lucas,Lewis,lucas.lewis18@example.com,+1-343-317-9797,1973-12-09,inactive,2024-06-12 10:39:39,2024-07-04 02:31:53
19,Mia,Jackson,mia.jackson19@example.com,+1-437-664-1053,1973-08-18,blocked,2023-10-05 12:37:29,2024-01-12 02:35:34
20,Hannah,Garcia,hannah.garcia20@example.com,+1-613-840-5889,2007-04-29,active,2023-11-05 23:56:36,2023-12-05 16:13:33
21,Benjamin,Perez,benjamin.perez21@example.com,+1-437-752-9689,1950-01-19,active,2025-01-29 00:32:28,2025-02-01 19:18:33
22,Liam,Wright,liam.wright22@example.com,+1-647-514-4923,1955-03-14,active,2025-05-31 08:35:59,2025-06-15 15:38:03
23,Olivia,Walker,olivia.walker23@example.com,+1-905-270-9727,1961-04-13,active,2025-01-08 07:48:40,2025-04-25 02:04:53
24,Sophia,Anderson,sophia.anderson24@example.com,+1-289-821-7932,1969-01-01,blocked,2023-11-09 11:27:18,2024-03-26 22:02:16
25,Mia,Martin,mia.martin25@example.com,+1-343-865-7118,1989-04-21,inactive,2024-12-02 08:37:24,2024-12-25 20:32:37
26,Isabella,Wilson,isabella.wilson26@example.com,+1-416-546-1344,2002-10-12,active,2025-07-03 02:38:15,2025-08-14 20:55:29
27,Lucas,Brown,lucas.brown27@example.com,+1-343-846-1964,1970-07-16,active,2023-02-18 19:09:35,2023-08-04 17:21:03
28,Amelia,Brown,amelia.brown28@example.com,+1-289-443-5562,1993-07-20,active,2023-07-25 12:56:35,2023-12-13 00:00:37
29,Hannah,King,hannah.king29@example.com,+1-289-790-8744,1971-10-20,inactive,2024-09-24 08:17:43,2024-10-31 07:40:11
30,Liam,Garcia,liam.garcia30@example.com,+1-343-641-6804,1988-01-01,active,2023-03-26 03:38:53,2023-08-03 21:45:15
31,Julia,Clark,julia.clark31@example.com,+1-416-262-7596,1980-06-10,inactive,2023-06-19 17:50:41,2023-08-07 00:40:02
32,Ava,Miller,ava.miller32@example.com,+1-289-659-3296,1987-11-07,active,2024-12-19 16:01:28,2025-02-06 04:12:24
33,Samuel,Wright,samuel.wright33@example.com,+1-416-653-2604,1954-07-16,active,2025-04-19 18:34:44,2025-09-29 02:44:59
34,Lucas,Brown,lucas.brown34@example.com,+1-613-442-3724,1986-06-18,active,2023-11-29 01:04:36,2024-05-14 22:38:22
35,Charlotte,King,charlotte.king35@example.com,+1-416-368-7209,1950-03-12,blocked,2024-02-16 23:29:11,2024-08-14 21:22:24
36,Nathan,Hall,nathan.hall36@example.com,+1-905-492-7930,1999-11-11,active,2025-01-26 00:25:31,2025-02-25 01:49:50
37,Ava,Taylor,ava.taylor37@example.com,+1-437-259-9883,1955-06-21,active,2023-03-30 19:16:33,2023-04-09 12:57:21
38,Michael,White,michael.white38@example.com,+1-289-743-3579,1955-02-07,blocked,2023-05-05 10:46:18,2023-10-17 18:18:55
39,Sophia,Brown,sophia.brown39@example.com,+1-289-269-4853,1986-03-23,active,2025-06-03 23:02:19,2025-07-21 18:29:07
40,Michael,Harris,michael.harris40@example.com,+1-416-834-2343,1987-08-12,active,2025-05-28 01:11:13,2025-09-06 13:31:51
41,Amelia,Wright,amelia.wright41@example.com,+1-647-409-6147,1971-06-01,active,2023-07-23 07:29:45,2023-11-30 17:47:56
42,Julia,Taylor,julia.taylor42@example.com,+1-905-523-2188,1950-11-02,active,2025-05-24 13:55:27,2025-06-12 23:52:14
43,Olivia,Lee,olivia.lee43@example.com,+1-437-718-5345,1961-11-19,blocked,2023-04-17 20:43:33,2023-10-05 14:25:19
44,Isabella,Moore,isabella.moore44@example.com,+1-647-361-8179,1998-09-26,active,2025-08-08 04:59:59,2026-01-11 22:21:29
45,Julia,Lopez,julia.lopez45@example.com,+1-416-883-5905,1959-04-18,blocked,2023-07-28 14:44:08,2023-09-17 23:14:09
46,Liam,King,liam.king46@example.com,+1-416-960-3546,1974-06-08,active,2023-11-24 04:50:33,2024-04-11 13:09:27
47,Amelia,Miller,amelia.miller47@example.com,+1-343-849-5325,1995-05-06,active,2023-03-20 21:55:12,2023-04-07 20:03:43
48,Julia,Jackson,julia.jackson48@example.com,+1-613-483-1722,1950-04-27,active,2023-07-23 05:18:37,2023-11-23 22:28:25
49,Ethan,Davis,ethan.davis49@example.com,+1-343-652-8007,2000-04-27,active,2023-04-27 21:17:39,2023-10-16 08:52:05
50,Mateo,King,mateo.king50@example.com,+1-437-758-1590,1983-02-15,active,2023-08-19 01:20:11,2023-11-10 12:17:15
51,Noah,Johnson,noah.johnson51@example.com,+1-647-573-1653,1982-02-06,active,2024-01-23 15:08:34,2024-06-01 03:16:39
52,Liam,Moore,liam.moore52@example.com,+1-613-773-7658,2005-09-06,active,2024-01-03 18:12:26,2024-06-19 15:33:42
53,Sophia,Hall,sophia.hall53@example.com,+1-613-381-7755,1952-03-23,active,2024-05-31 00:46:18,2024-10-29 22:57:25
54,Hannah,Jackson,hannah.jackson54@example.com,+1-613-885-5065,1973-12-08,active,2023-06-17 22:05:49,2023-08-31 04:52:14
55,Samuel,Johnson,samuel.johnson55@example.com,+1-613-681-4644,1967-11-27,inactive,2024-12-16 01:20:54,2025-02-21 22:52:28
56,Mia,Young,mia.young56@example.com,+1-613-433-4652,1952-02-15,active,2024-09-10 23:53:18,2024-11-13 17:41:59
57,Ethan,Allen,ethan.allen57@example.com,+1-416-991-5573,1981-07-03,active,2024-09-12 21:05:24,2025-01-22 19:52:26
58,David,Lee,david.lee58@example.com,+1-647-228-2889,1973-06-08,active,2024-02-17 09:18:12,2024-02-24 19:35:41
59,Liam,Harris,liam.harris59@example.com,+1-905-553-6139,1989-02-24,active,2025-03-05 11:14:01,2025-03-27 22:10:55
60,Charlotte,King,charlotte.king60@example.com,+1-289-394-5173,1953-12-25,active,2023-01-03 15:03:19,2023-04-14 14:03:34
61,Hannah,Hall,hannah.hall61@example.com,+1-289-903-4228,1982-09-04,active,2025-10-28 20:34:32,2026-04-25 15:40:43
62,Amelia,Harris,amelia.harris62@example.com,+1-647-879-3041,1976-12-10,active,2025-11-01 23:34:10,2026-01-20 06:49:06
63,Amelia,Martin,amelia.martin63@example.com,+1-343-502-3085,1967-03-19,active,2024-08-11 23:33:37,2024-12-21 12:05:26
64,Sofia,King,sofia.king64@example.com,+1-437-830-5930,1986-06-07,active,2023-01-01 15:08:04,2023-03-01 15:17:39
65,Mia,Miller,mia.miller65@example.com,+1-905-793-6279,1991-09-19,active,2025-11-15 13:12:32,2025-12-27 01:07:46
66,Alexander,White,alexander.white66@example.com,+1-613-953-3780,1957-08-10,active,2025-10-28 06:15:53,2026-02-28 03:58:58
67,Victoria,Thomas,victoria.thomas67@example.com,+1-416-969-4848,1977-11-06,active,2023-11-06 08:06:07,2023-12-04 22:49:16
68,Lucas,Johnson,lucas.johnson68@example.com,+1-437-686-2193,1990-11-10,active,2025-09-05 07:21:18,2025-12-26 02:10:33
69,Ava,Robinson,ava.robinson69@example.com,+1-343-593-9099,1985-11-08,active,2025-10-16 03:36:55,2026-02-26 16:10:04
70,Lucas,King,lucas.king70@example.com,+1-613-988-2746,1988-02-22,active,2025-03-15 14:51:52,2025-06-13 19:49:25
71,Emma,Lee,emma.lee71@example.com,+1-437-324-8478,1961-12-18,inactive,2025-11-03 01:06:06,2026-02-14 04:21:20
72,Daniel,Harris,daniel.harris72@example.com,+1-647-973-8251,2004-12-18,inactive,2025-02-23 03:29:38,2025-05-17 00:14:59
73,David,Wright,david.wright73@example.com,+1-289-656-3607,1992-08-02,active,2024-01-20 01:45:55,2024-07-01 03:48:36
74,Julia,Anderson,julia.anderson74@example.com,+1-613-996-9540,1993-06-23,active,2024-03-02 13:44:05,2024-05-26 23:41:22
75,Olivia,Robinson,olivia.robinson75@example.com,+1-647-440-5451,1980-02-18,active,2025-04-19 02:20:04,2025-05-04 17:51:12
76,Noah,Martinez,noah.martinez76@example.com,+1-437-592-3503,1969-03-12,active,2024-09-25 04:24:21,2024-11-28 10:25:29
77,Daniel,Thompson,daniel.thompson77@example.com,+1-905-263-4388,1987-09-11,active,2025-06-26 08:03:31,2025-11-08 09:25:50
78,Lucas,Allen,lucas.allen78@example.com,+1-613-789-7232,1992-10-16,active,2024-06-30 10:31:07,2024-08-27 10:09:15
79,Chloe,Martin,chloe.martin79@example.com,+1-613-629-9818,1998-12-30,inactive,2023-12-09 14:16:42,2024-03-13 09:35:33
80,Isabella,Anderson,isabella.anderson80@example.com,+1-905-697-1475,1984-11-20,active,2025-11-21 00:14:40,2026-04-24 23:51:26
81,Charlotte,Walker,charlotte.walker81@example.com,+1-437-678-3091,2005-10-29,active,2024-09-04 02:08:23,2024-12-28 00:33:35
82,Michael,Lewis,michael.lewis82@example.com,+1-416-285-8022,1962-03-05,inactive,2023-10-10 07:20:57,2023-10-20 01:41:33
83,Ethan,Martin,ethan.martin83@example.com,+1-647-416-8449,1979-04-29,active,2024-08-11 22:50:59,2024-10-04 23:37:10
84,Chloe,Young,chloe.young84@example.com,+1-905-458-2341,1992-03-12,active,2025-04-17 22:59:59,2025-04-28 01:44:10
85,Benjamin,Wilson,benjamin.wilson85@example.com,+1-343-270-1659,1952-10-13,blocked,2023-11-06 16:42:17,2024-04-17 15:47:40
86,Lucas,Harris,lucas.harris86@example.com,+1-437-444-3068,1992-06-26,active,2025-05-26 02:18:35,2025-07-07 10:05:53
87,James,Robinson,james.robinson87@example.com,+1-647-985-7043,1965-01-20,active,2023-06-27 22:05:41,2023-11-25 22:52:03
88,David,Davis,david.davis88@example.com,+1-647-310-1420,1977-12-27,active,2024-08-06 00:27:27,2024-10-22 01:00:04
89,Mateo,Miller,mateo.miller89@example.com,+1-416-806-4978,1959-02-22,active,2024-04-13 11:49:02,2024-09-25 14:28:15
90,Gabriel,Harris,gabriel.harris90@example.com,+1-613-323-1672,1981-02-24,active,2025-10-24 15:18:11,2026-01-04 14:17:18
91,Olivia,Lopez,olivia.lopez91@example.com,+1-343-549-1207,1987-09-08,inactive,2023-06-13 22:46:27,2023-09-06 03:08:22
92,Benjamin,Clark,benjamin.clark92@example.com,+1-613-670-3506,1989-01-26,active,2025-03-21 12:07:42,2025-07-25 19:28:46
93,Ethan,Harris,ethan.harris93@example.com,+1-613-751-8921,1991-09-15,active,2025-07-09 09:03:17,2025-08-30 11:52:06
94,Amelia,Allen,amelia.allen94@example.com,+1-437-288-5569,1990-06-11,active,2024-12-22 21:35:14,2025-04-12 13:16:44
95,Victoria,Lewis,victoria.lewis95@example.com,+1-905-544-1470,1994-05-07,inactive,2023-10-10 11:28:52,2024-01-13 03:37:42
96,Ava,Moore,ava.moore96@example.com,+1-613-464-6576,1975-02-02,inactive,2024-03-05 04:02:20,2024-06-21 02:12:46
97,Lucas,Lopez,lucas.lopez97@example.com,+1-437-287-4954,1986-06-18,active,2024-01-09 07:55:32,2024-05-22 10:23:54
98,Henry,Clark,henry.clark98@example.com,+1-343-702-8342,1951-07-20,active,2023-12-11 05:42:45,2024-02-27 18:21:30
99,Mateo,Wilson,mateo.wilson99@example.com,+1-647-879-7046,1992-06-16,active,2024-06-18 00:12:16,2024-09-08 15:11:45
100,Sofia,Lee,sofia.lee100@example.com,+1-647-560-8434,1974-04-22,active,2023-12-25 03:04:52,2024-01-17 13:22:41
101,Sofia,Miller,sofia.miller101@example.com,+1-647-322-9779,1966-08-11,active,2025-01-22 04:13:54,2025-03-16 20:48:47
102,Sofia,Gonzalez,sofia.gonzalez102@example.com,+1-613-737-5636,1959-01-08,inactive,2024-04-05 04:52:07,2024-05-19 09:01:01
103,Benjamin,Davis,benjamin.davis103@example.com,+1-647-214-9751,1961-05-10,active,2023-03-26 16:52:38,2023-07-12 03:43:00
104,Mia,Robinson,mia.robinson104@example.com,+1-437-853-9042,1959-03-16,inactive,2025-06-10 18:39:55,2025-08-04 23:46:57
105,Henry,White,henry.white105@example.com,+1-905-548-4020,1954-08-11,active,2025-01-12 03:02:06,2025-02-03 06:43:10
106,David,Brown,david.brown106@example.com,+1-905-703-2213,2001-10-07,active,2023-03-25 06:41:28,2023-04-23 17:47:24
107,Noah,Hall,noah.hall107@example.com,+1-289-511-2395,1972-04-07,active,2024-10-08 12:05:31,2025-02-03 05:44:13
108,Victoria,Hall,victoria.hall108@example.com,+1-289-431-9561,1984-02-16,active,2024-11-18 17:50:07,2025-01-15 11:36:04
109,Samuel,Gonzalez,samuel.gonzalez109@example.com,+1-905-512-1986,2004-09-10,blocked,2023-06-04 03:41:44,2023-10-30 06:18:29
110,Ava,Clark,ava.clark110@example.com,+1-437-470-2330,1964-02-03,active,2025-05-07 11:45:45,2025-05-22 01:35:24
111,Sophia,Smith,sophia.smith111@example.com,+1-905-661-8699,1976-02-17,active,2024-03-23 13:19:43,2024-08-07 19:58:53
112,Mia,Robinson,mia.robinson112@example.com,+1-613-664-2166,1970-12-10,blocked,2025-08-28 23:51:05,2025-12-21 12:28:12
113,Gabriel,Hall,gabriel.hall113@example.com,+1-437-635-2880,1998-11-09,active,2023-08-20 10:43:38,2024-02-12 20:13:53
114,Ethan,Young,ethan.young114@example.com,+1-437-273-1977,1964-11-19,inactive,2025-07-13 08:50:58,2025-12-05 19:14:43
115,David,Gonzalez,david.gonzalez115@example.com,+1-647-649-3037,1992-01-19,active,2024-09-17 06:36:18,2024-11-09 03:21:51
116,Alexander,Lee,alexander.lee116@example.com,+1-905-648-2317,2003-08-27,active,2024-11-02 03:11:45,2025-03-24 18:22:19
117,Amelia,Harris,amelia.harris117@example.com,+1-647-226-2496,1970-07-16,blocked,2025-06-12 12:58:37,2025-10-04 13:10:05
118,Lucas,Perez,lucas.perez118@example.com,+1-343-475-1659,1965-09-19,active,2025-10-09 02:02:03,2026-01-02 22:58:21
119,Hannah,Anderson,hannah.anderson119@example.com,+1-437-799-8141,2006-12-13,inactive,2023-05-22 17:45:48,2023-08-22 00:10:13
120,Benjamin,Jackson,benjamin.jackson120@example.com,+1-647-528-2713,1964-06-05,active,2025-02-08 16:25:26,2025-04-05 15:36:58
121,Gabriel,Martin,gabriel.martin121@example.com,+1-613-978-1601,1990-10-21,active,2024-01-28 02:06:40,2024-03-30 20:40:34
122,Liam,Perez,liam.perez122@example.com,+1-905-726-1018,1998-09-05,active,2023-03-26 04:52:29,2023-05-01 15:04:21
123,Alexander,Moore,alexander.moore123@example.com,+1-289-974-9167,2006-02-09,active,2023-03-22 04:13:35,2023-04-30 16:52:35
124,Ethan,Lee,ethan.lee124@example.com,+1-437-494-8178,1993-06-27,active,2025-09-05 16:55:58,2026-01-01 22:28:49
125,Nathan,Wilson,nathan.wilson125@example.com,+1-343-362-6091,1999-06-02,active,2024-09-25 18:59:43,2024-10-13 21:22:53
126,Isabella,Young,isabella.young126@example.com,+1-416-672-2924,1963-10-25,active,2024-03-29 09:23:15,2024-07-06 04:54:10
127,Mateo,Anderson,mateo.anderson127@example.com,+1-905-694-8736,1971-11-13,active,2023-08-13 16:38:36,2023-10-27 04:17:01
128,Ava,Wright,ava.wright128@example.com,+1-289-720-3236,1956-04-06,active,2024-10-06 14:10:29,2024-12-11 14:06:29
129,Hannah,Hall,hannah.hall129@example.com,+1-289-473-1042,1975-05-18,active,2025-06-30 18:37:27,2025-10-21 09:15:46
130,Gabriel,White,gabriel.white130@example.com,+1-613-352-8316,1998-04-27,active,2024-05-31 10:15:35,2024-09-15 14:22:52
131,Chloe,Lee,chloe.lee131@example.com,+1-905-666-6272,1966-12-04,blocked,2024-01-06 23:18:57,2024-04-27 00:05:09
132,Charlotte,Wilson,charlotte.wilson132@example.com,+1-613-994-7730,1953-12-01,active,2025-01-04 17:49:57,2025-05-21 16:25:57
133,Hannah,Hall,hannah.hall133@example.com,+1-905-595-3492,1994-06-09,blocked,2023-07-16 02:48:07,2023-10-21 15:38:54
134,Michael,Thomas,michael.thomas134@example.com,+1-613-302-8213,1958-12-12,active,2024-12-10 19:30:48,2024-12-13 19:02:17
135,Sofia,Martinez,sofia.martinez135@example.com,+1-905-870-3529,1956-09-17,active,2024-02-16 16:45:55,2024-04-22 10:34:29
136,Victoria,Robinson,victoria.robinson136@example.com,+1-905-865-2315,1979-06-24,inactive,2025-04-08 22:52:54,2025-06-21 17:51:13
137,Amelia,Clark,amelia.clark137@example.com,+1-343-977-8994,1998-07-16,active,2023-04-17 06:54:37,2023-06-01 21:01:08
138,Julia,Lewis,julia.lewis138@example.com,+1-647-432-2480,1988-12-07,blocked,2025-09-11 11:49:53,2026-01-26 04:12:01
139,Samuel,Garcia,samuel.garcia139@example.com,+1-905-370-5906,1952-08-06,active,2023-03-29 04:16:35,2023-05-25 03:28:09
140,Benjamin,Moore,benjamin.moore140@example.com,+1-905-349-5000,1997-08-27,active,2023-10-07 17:00:26,2023-11-09 17:11:18
141,Sophia,Brown,sophia.brown141@example.com,+1-289-591-4945,1994-08-25,blocked,2023-08-11 07:48:55,2023-09-25 09:53:30
142,James,Clark,james.clark142@example.com,+1-647-670-5183,1950-11-04,inactive,2024-12-23 17:53:54,2025-06-16 17:50:19
143,Mia,Lewis,mia.lewis143@example.com,+1-289-361-2210,1989-08-18,blocked,2025-07-01 18:15:39,2025-08-28 20:25:14
144,Julia,Jackson,julia.jackson144@example.com,+1-343-456-8484,1977-02-07,active,2024-08-20 14:24:13,2025-02-02 07:14:06
145,Henry,Garcia,henry.garcia145@example.com,+1-437-590-6881,2001-07-27,active,2024-04-03 15:00:01,2024-04-07 21:14:46
146,David,Lewis,david.lewis146@example.com,+1-905-481-1132,2000-10-09,inactive,2023-03-18 04:30:07,2023-09-11 00:17:04
147,Victoria,Walker,victoria.walker147@example.com,+1-905-493-4770,2004-06-18,inactive,2023-12-07 05:04:51,2024-04-08 19:56:06
148,Ava,Harris,ava.harris148@example.com,+1-647-894-3240,2006-05-13,active,2025-09-01 17:20:01,2026-01-05 05:29:57
149,Emma,Taylor,emma.taylor149@example.com,+1-613-651-1546,2001-12-30,active,2023-07-24 03:23:14,2023-08-10 15:26:21
150,Hannah,Taylor,hannah.taylor150@example.com,+1-647-965-7807,1965-10-04,active,2025-04-17 22:34:43,2025-10-05 03:10:51
151,Benjamin,Lopez,benjamin.lopez151@example.com,+1-289-479-3695,1973-01-20,blocked,2025-01-18 12:35:20,2025-06-24 03:05:51
152,Mia,Walker,mia.walker152@example.com,+1-613-546-2886,1992-01-07,blocked,2023-08-07 15:48:06,2024-01-01 02:24:08
153,Isabella,Allen,isabella.allen153@example.com,+1-343-941-7511,2000-01-01,active,2024-09-04 22:48:21,2024-09-07 15:40:17
154,Ethan,Lee,ethan.lee154@example.com,+1-416-665-7038,1973-07-09,active,2025-09-18 22:50:31,2025-11-30 02:02:04
155,Liam,Lewis,liam.lewis155@example.com,+1-437-682-1410,2005-08-01,inactive,2025-05-22 02:47:03,2025-07-24 19:24:15
156,Hannah,Harris,hannah.harris156@example.com,+1-437-863-2035,2007-01-02,inactive,2024-04-14 10:27:58,2024-08-18 12:08:28
157,Elijah,Garcia,elijah.garcia157@example.com,+1-437-246-1609,1977-04-22,blocked,2023-06-30 09:17:07,2023-07-19 06:13:58
158,Isabella,King,isabella.king158@example.com,+1-289-338-7367,1990-09-12,active,2025-04-19 03:50:09,2025-07-09 13:06:29
159,Michael,Walker,michael.walker159@example.com,+1-343-358-7797,1958-11-19,inactive,2025-08-14 09:10:41,2025-11-01 15:08:09
160,Ethan,Johnson,ethan.johnson160@example.com,+1-343-579-4559,1989-10-11,active,2024-01-02 18:55:01,2024-06-16 21:36:13
161,Benjamin,Garcia,benjamin.garcia161@example.com,+1-343-576-9920,2007-11-07,active,2024-09-10 11:43:18,2024-11-03 01:25:20
162,Ava,Garcia,ava.garcia162@example.com,+1-613-665-2501,1969-01-11,active,2025-07-16 15:12:53,2025-07-20 18:44:51
163,Emma,Hall,emma.hall163@example.com,+1-647-449-3063,2000-08-26,active,2025-05-10 22:21:50,2025-06-20 03:47:13
164,Michael,Miller,michael.miller164@example.com,+1-613-438-6383,1963-03-29,inactive,2025-07-14 19:48:21,2025-07-15 09:01:13
165,Ethan,Allen,ethan.allen165@example.com,+1-437-333-9850,1972-06-27,inactive,2023-06-20 18:21:04,2023-10-27 03:06:10
166,Samuel,Smith,samuel.smith166@example.com,+1-437-215-6869,1971-05-07,active,2023-01-25 12:21:41,2023-02-28 08:24:27
167,Ethan,Johnson,ethan.johnson167@example.com,+1-437-959-7897,1997-03-13,active,2023-04-09 17:36:55,2023-07-11 05:04:56
168,James,Perez,james.perez168@example.com,+1-647-725-2786,1990-07-21,active,2025-08-13 12:50:42,2025-08-21 22:56:26
169,Sofia,Hall,sofia.hall169@example.com,+1-613-874-9543,1977-01-22,active,2023-02-18 09:22:48,2023-03-02 04:50:48
170,Henry,Allen,henry.allen170@example.com,+1-905-636-2768,1993-12-26,active,2024-11-20 01:12:08,2024-12-04 07:41:37
171,Leo,Brown,leo.brown171@example.com,+1-647-822-3430,1955-11-23,active,2025-08-27 20:14:35,2025-12-28 18:35:39
172,Michael,Lee,michael.lee172@example.com,+1-343-532-7240,2003-08-06,active,2024-12-05 19:44:12,2025-03-13 23:46:31
173,Victoria,Jackson,victoria.jackson173@example.com,+1-416-918-2874,1999-06-19,active,2023-12-01 00:38:27,2024-02-22 12:54:43
174,James,King,james.king174@example.com,+1-437-623-6553,1990-09-08,active,2023-05-28 17:03:25,2023-07-28 09:38:16
175,Elijah,Thomas,elijah.thomas175@example.com,+1-343-461-7132,1963-09-11,active,2025-01-06 17:59:18,2025-01-19 18:51:08
176,Olivia,Young,olivia.young176@example.com,+1-416-295-8075,1958-08-31,active,2024-08-01 21:16:54,2025-01-06 12:24:02
177,Noah,Lee,noah.lee177@example.com,+1-416-800-6400,1960-12-19,active,2025-10-30 13:41:32,2026-03-25 06:16:12
178,Elijah,Allen,elijah.allen178@example.com,+1-343-252-5712,2003-11-13,active,2023-06-10 22:30:32,2023-10-01 03:48:15
179,Alexander,Miller,alexander.miller179@example.com,+1-437-872-8900,1970-02-13,inactive,2024-06-27 21:11:44,2024-12-09 00:55:16
180,Daniel,Moore,daniel.moore180@example.com,+1-416-980-5564,2001-07-04,active,2024-10-28 14:28:12,2025-04-10 17:10:42
181,Daniel,Perez,daniel.perez181@example.com,+1-613-836-1430,2004-08-20,blocked,2024-02-20 11:10:26,2024-02-26 02:06:19
182,Sophia,Anderson,sophia.anderson182@example.com,+1-343-980-6062,1980-06-27,active,2023-10-09 19:17:21,2024-03-26 17:08:35
183,Noah,Gonzalez,noah.gonzalez183@example.com,+1-343-610-2140,1962-09-23,active,2023-02-17 14:58:46,2023-03-07 10:36:04
184,Sofia,Lopez,sofia.lopez184@example.com,+1-437-585-7878,1990-09-13,active,2024-07-28 20:34:45,2024-09-27 08:54:52
185,Sofia,Thomas,sofia.thomas185@example.com,+1-613-781-2391,1954-09-20,active,2025-08-17 18:40:37,2025-08-27 10:35:13
186,Gabriel,Brown,gabriel.brown186@example.com,+1-647-653-7947,1993-07-28,active,2024-10-05 09:53:20,2024-11-27 10:56:19
187,Ava,Perez,ava.perez187@example.com,+1-289-316-6655,1988-07-27,active,2025-11-19 13:47:44,2026-03-31 07:46:14
188,Michael,White,michael.white188@example.com,+1-289-883-6053,1954-01-28,active,2025-07-20 00:27:14,2025-07-30 15:45:22
189,Lucas,Miller,lucas.miller189@example.com,+1-647-416-3248,1972-12-03,active,2023-07-06 09:20:26,2023-07-07 21:21:52
190,Henry,Walker,henry.walker190@example.com,+1-905-379-3116,1984-02-10,active,2023-12-24 11:08:57,2024-03-30 14:32:26
191,Daniel,Young,daniel.young191@example.com,+1-343-562-2180,1985-08-16,inactive,2023-03-07 17:08:33,2023-05-31 10:04:23
192,Lucas,Thompson,lucas.thompson192@example.com,+1-416-520-8033,2001-06-11,active,2025-09-21 10:12:40,2025-12-11 12:48:21
193,Mia,Garcia,mia.garcia193@example.com,+1-905-221-6321,1965-06-02,inactive,2025-08-18 05:22:48,2025-11-15 13:35:13
194,David,Robinson,david.robinson194@example.com,+1-647-290-8155,1959-07-01,active,2025-07-03 18:42:46,2025-09-19 12:56:39
195,Alexander,Brown,alexander.brown195@example.com,+1-905-517-6562,1969-11-17,active,2023-09-19 04:26:30,2023-10-04 00:23:43
196,Alexander,Clark,alexander.clark196@example.com,+1-416-743-9355,1967-05-25,blocked,2024-06-26 17:39:14,2024-09-02 21:53:50
197,Sofia,Young,sofia.young197@example.com,+1-343-351-4871,1959-03-23,active,2023-11-03 10:49:33,2023-12-07 03:23:23
198,Victoria,Martinez,victoria.martinez198@example.com,+1-613-977-2234,1965-11-22,blocked,2025-09-02 11:37:37,2025-12-07 10:22:45
199,James,Perez,james.perez199@example.com,+1-289-978-8354,2000-08-23,active,2025-08-28 03:51:34,2025-10-29 22:07:08
200,Samuel,Clark,samuel.clark200@example.com,+1-647-354-8205,1956-02-16,active,2025-09-07 19:44:36,2025-11-05 14:59:19
201,Nathan,Anderson,nathan.anderson201@example.com,+1-289-257-6766,1995-07-08,active,2024-12-18 07:00:27,2025-03-16 01:04:43
202,Emma,Johnson,emma.johnson202@example.com,+1-647-493-2257,2007-11-02,inactive,2023-05-21 06:29:51,2023-09-17 16:38:39
203,Victoria,Lopez,victoria.lopez203@example.com,+1-905-673-1672,1990-05-07,blocked,2025-06-07 00:54:21,2025-10-11 14:41:18
204,Ava,Thomas,ava.thomas204@example.com,+1-289-687-9214,1963-07-15,blocked,2024-11-30 20:43:08,2024-12-20 23:04:21
205,Nathan,King,nathan.king205@example.com,+1-613-551-2381,1995-04-08,active,2023-03-02 19:19:27,2023-04-19 21:53:36
206,Mateo,Thompson,mateo.thompson206@example.com,+1-905-736-9564,2004-09-16,active,2024-08-02 04:55:45,2025-01-27 10:49:28
207,Mia,Martin,mia.martin207@example.com,+1-905-993-6543,2003-08-22,active,2025-09-07 01:09:22,2026-01-10 17:49:03
208,Amelia,Brown,amelia.brown208@example.com,+1-647-296-7333,1975-06-29,active,2025-10-16 22:28:59,2026-04-10 22:20:46
209,Victoria,Allen,victoria.allen209@example.com,+1-437-541-2335,2002-04-13,active,2024-06-27 10:15:51,2024-08-26 16:02:55
210,Julia,Robinson,julia.robinson210@example.com,+1-343-601-3112,2003-05-21,active,2023-05-12 14:33:13,2023-07-11 17:18:35
211,Daniel,Martin,daniel.martin211@example.com,+1-343-536-3093,1997-03-23,active,2025-11-07 12:24:46,2026-01-28 17:37:46
212,Alexander,Moore,alexander.moore212@example.com,+1-416-571-6060,1966-03-04,blocked,2024-06-14 20:42:18,2024-11-10 15:15:06
213,Henry,Miller,henry.miller213@example.com,+1-437-340-3538,1956-12-03,active,2023-06-07 02:48:03,2023-09-13 16:48:22
214,Chloe,Lee,chloe.lee214@example.com,+1-613-956-9626,1953-05-21,active,2025-08-18 01:52:59,2025-09-12 12:36:57
215,Victoria,Martin,victoria.martin215@example.com,+1-437-366-3962,2006-01-18,inactive,2023-09-15 03:44:50,2024-02-02 04:42:12
216,James,Johnson,james.johnson216@example.com,+1-905-573-4891,1989-11-07,active,2024-11-28 09:14:51,2025-01-12 19:46:48
217,Daniel,Wilson,daniel.wilson217@example.com,+1-647-680-4178,1983-01-01,active,2025-06-05 02:46:34,2025-08-29 16:06:31
218,James,Perez,james.perez218@example.com,+1-647-996-7256,1995-02-13,active,2023-09-09 17:57:59,2024-02-15 08:57:19
219,Ava,Hall,ava.hall219@example.com,+1-289-341-5096,1954-09-06,active,2024-07-30 15:47:25,2024-11-15 08:08:14
220,Hannah,Garcia,hannah.garcia220@example.com,+1-343-728-3042,1975-07-29,active,2023-09-07 00:52:37,2023-10-30 00:10:35
221,James,King,james.king221@example.com,+1-289-350-8167,1958-03-25,blocked,2023-12-11 22:10:36,2024-05-18 12:17:22
222,James,King,james.king222@example.com,+1-647-227-7797,1954-10-12,active,2024-08-03 22:17:41,2024-09-18 17:06:00
223,Charlotte,Brown,charlotte.brown223@example.com,+1-647-429-1461,1978-08-04,blocked,2025-10-06 16:17:26,2025-12-10 18:51:24
224,Nathan,Martinez,nathan.martinez224@example.com,+1-437-239-5700,1992-05-21,active,2023-08-04 14:33:59,2023-12-29 23:01:20
225,Mateo,White,mateo.white225@example.com,+1-905-830-1086,1957-02-09,active,2023-12-02 00:11:29,2024-05-12 03:24:05
226,Noah,Lee,noah.lee226@example.com,+1-343-823-9647,1987-12-22,active,2024-03-23 13:12:19,2024-05-08 16:41:20
227,Mia,Garcia,mia.garcia227@example.com,+1-416-444-7878,2007-04-29,inactive,2024-12-11 02:25:51,2024-12-23 07:08:00
228,Liam,Young,liam.young228@example.com,+1-905-811-9782,1951-06-23,active,2025-06-12 07:19:23,2025-07-29 06:50:11
229,Mateo,Martinez,mateo.martinez229@example.com,+1-647-639-1025,2005-02-27,active,2025-06-05 11:53:07,2025-08-25 09:13:51
230,Sophia,Lewis,sophia.lewis230@example.com,+1-343-287-9576,1982-05-09,active,2025-03-28 04:55:03,2025-07-11 20:31:23
231,Alexander,Hall,alexander.hall231@example.com,+1-289-767-1333,1985-01-11,inactive,2023-03-09 15:04:51,2023-07-11 01:31:17
232,Charlotte,Moore,charlotte.moore232@example.com,+1-647-965-1266,1982-01-14,inactive,2024-06-19 15:10:07,2024-08-05 10:53:48
233,Sofia,Lewis,sofia.lewis233@example.com,+1-343-306-6447,1961-12-20,active,2025-04-28 04:52:04,2025-07-02 22:36:44
234,David,Clark,david.clark234@example.com,+1-437-997-8612,1992-12-06,active,2023-07-29 11:40:07,2023-08-10 17:44:18
235,Mateo,Perez,mateo.perez235@example.com,+1-905-237-5807,1968-02-01,active,2023-11-06 20:46:27,2024-04-26 20:51:23
236,Emma,Thomas,emma.thomas236@example.com,+1-647-727-7524,1998-09-20,active,2023-02-26 21:19:16,2023-07-23 03:54:40
237,Julia,Miller,julia.miller237@example.com,+1-647-565-1783,1979-10-12,active,2024-07-25 16:44:57,2024-10-18 13:05:24
238,Leo,Martin,leo.martin238@example.com,+1-343-650-7334,1980-06-01,blocked,2025-02-09 19:47:49,2025-06-24 05:04:11
239,Henry,Moore,henry.moore239@example.com,+1-613-731-5369,1957-05-31,active,2023-05-03 14:36:43,2023-07-26 05:23:12
240,Victoria,Young,victoria.young240@example.com,+1-437-758-5813,1978-10-26,active,2024-05-24 09:44:24,2024-09-29 17:50:48
241,Mia,Taylor,mia.taylor241@example.com,+1-905-817-7981,1964-12-13,active,2024-06-30 02:37:17,2024-09-24 22:23:47
242,Emma,Walker,emma.walker242@example.com,+1-613-561-8126,1974-08-19,active,2023-03-31 02:27:49,2023-04-14 16:10:50
243,Gabriel,Clark,gabriel.clark243@example.com,+1-905-572-9406,1964-05-09,blocked,2023-08-10 19:12:15,2024-01-22 14:17:23
244,Victoria,Lewis,victoria.lewis244@example.com,+1-613-648-1570,1961-04-29,active,2025-09-29 05:24:55,2025-12-09 08:37:46
245,Benjamin,Martin,benjamin.martin245@example.com,+1-289-233-3513,1990-05-14,blocked,2024-07-31 21:39:50,2024-10-26 02:34:15
246,Chloe,Brown,chloe.brown246@example.com,+1-289-340-9674,1982-12-03,active,2025-10-06 01:22:46,2025-11-29 04:10:04
247,Isabella,Garcia,isabella.garcia247@example.com,+1-416-953-4048,1994-10-09,active,2025-05-22 12:40:35,2025-06-14 09:28:56
248,Ethan,Perez,ethan.perez248@example.com,+1-647-920-8311,1969-04-02,blocked,2024-03-19 15:04:39,2024-08-01 09:15:42
249,Hannah,White,hannah.white249@example.com,+1-437-325-3223,1956-08-23,active,2024-11-22 10:56:52,2024-12-09 12:04:56
250,Nathan,Lewis,nathan.lewis250@example.com,+1-613-527-6692,1955-10-29,active,2024-03-27 01:29:25,2024-09-16 03:23:49
