order_id,customer_id,store_id,order_date,status,total_amount,shipping_address_id,billing_address_id,channel,payment_method,created_at,updated_at
1,149,7,2024-12-26 16:11:32,pending,395.23,249,249,store,debit,2024-12-26 16:11:32,2025-01-05 23:37:44
2,85,3,2024-02-01 12:06:32,paid,31.69,85,85,store,cash,2024-02-01 12:06:32,2024-02-17 07:57:33
3,62,8,2024-10-18 00:33:42,paid,293.85,62,341,store,credit_card,2024-10-18 00:33:42,2024-10-31 00:00:37
4,102,5,2024-10-19 01:21:14,confirmed,840.27,111,111,store,credit_card,2024-10-19 01:21:14,2024-11-04 19:54:25
5,204,1,2024-07-12 15:19:28,pending,491.47,204,204,online,credit_card,2024-07-12 15:19:28,2024-07-15 19:54:57
6,196,1,2024-07-17 13:34:53,delivered,499.28,262,262,online,credit_card,2024-07-17 13:34:53,2024-07-26 08:38:41
7,177,1,2023-01-10 05:44:49,returned,26.44,177,177,online,debit,2023-01-10 05:44:49,2023-01-16 00:14:34
8,174,9,2025-09-17 11:09:50,confirmed,67.33,174,174,store,cash,2025-09-17 11:09:50,2025-09-24 05:35:13
9,21,6,2024-06-08 09:01:20,shipped,25.25,238,238,store,debit,2024-06-08 09:01:20,2024-06-21 21:41:48
10,174,3,2024-03-11 03:28:04,cancelled,112.51,174,164,store,credit_card,2024-03-11 03:28:04,2024-03-23 00:09:11
11,25,1,2023-10-01 11:25:48,pending,613.11,25,25,online,paypal,2023-10-01 11:25:48,2023-10-17 19:27:09
12,62,9,2025-10-22 21:47:54,paid,540.65,62,62,store,credit_card,2025-10-22 21:47:54,2025-11-08 16:23:11
13,174,1,2024-09-18 09:55:26,shipped,24.37,174,174,online,credit_card,2024-09-18 09:55:26,2024-09-24 06:15:09
14,38,1,2024-07-28 16:06:52,pending,1115.08,38,321,online,credit_card,2024-07-28 16:06:52,2024-08-24 08:41:03
15,54,1,2025-04-27 22:27:10,delivered,153.38,54,54,online,credit_card,2025-04-27 22:27:10,2025-05-12 08:21:32
16,193,1,2023-03-19 01:45:00,delivered,193.73,193,193,online,paypal,2023-03-19 01:45:00,2023-04-14 21:44:37
17,182,1,2023-02-22 08:03:35,delivered,340.23,30,30,online,other,2023-02-22 08:03:35,2023-03-16 06:45:44
18,171,1,2025-08-15 15:03:10,returned,371.58,171,171,online,gift_card,2025-08-15 15:03:10,2025-08-28 12:56:27
19,155,3,2025-08-28 09:40:16,delivered,190.05,155,155,store,cash,2025-08-28 09:40:16,2025-09-10 06:37:40
20,2,1,2023-12-03 18:01:32,delivered,438.32,2,2,online,other,2023-12-03 18:01:32,2023-12-12 02:26:13
21,187,5,2024-11-28 01:56:31,confirmed,1457.79,350,350,store,paypal,2024-11-28 01:56:31,2024-12-09 02:09:57
22,27,1,2023-01-20 04:22:56,shipped,1302.96,27,27,online,paypal,2023-01-20 04:22:56,2023-01-26 10:33:38
23,29,1,2023-03-05 13:55:18,shipped,502.05,29,29,online,paypal,2023-03-05 13:55:18,2023-03-18 22:44:31
24,104,2,2023-06-30 20:45:56,paid,436.92,104,104,store,other,2023-06-30 20:45:56,2023-07-19 17:18:24
25,168,1,2023-08-24 05:18:57,delivered,1160.51,168,168,online,cash,2023-08-24 05:18:57,2023-08-25 19:05:18
26,62,1,2024-01-11 04:48:54,delivered,79.43,62,62,online,credit_card,2024-01-11 04:48:54,2024-01-20 14:30:18
27,227,1,2023-02-12 06:15:26,delivered,73.91,227,227,online,cash,2023-02-12 06:15:26,2023-02-13 21:16:07
28,194,4,2024-01-31 06:42:26,delivered,669.03,194,194,store,debit,2024-01-31 06:42:26,2024-02-22 12:26:46
29,158,6,2023-03-28 06:26:33,delivered,154.82,158,158,store,credit_card,2023-03-28 06:26:33,2023-03-30 10:31:27
30,219,2,2024-07-03 21:14:40,confirmed,20.01,54,219,store,credit_card,2024-07-03 21:14:40,2024-07-25 04:06:15
31,70,1,2023-11-30 05:09:56,delivered,139.83,70,70,online,credit_card,2023-11-30 05:09:56,2023-12-23 21:38:31
32,77,8,2025-03-27 10:44:25,pending,436.44,77,77,store,cash,2025-03-27 10:44:25,2025-04-10 07:58:56
33,117,6,2023-07-31 22:23:34,shipped,360.94,117,117,store,cash,2023-07-31 22:23:34,2023-08-24 07:28:24
34,25,2,2025-11-17 15:58:28,delivered,1001.74,25,25,store,gift_card,2025-11-17 15:58:28,2025-11-29 00:14:25
35,222,8,2024-10-12 04:27:42,delivered,1249.93,222,222,store,credit_card,2024-10-12 04:27:42,2024-10-12 19:15:35
36,44,1,2023-09-03 22:09:54,delivered,488.12,44,283,online,credit_card,2023-09-03 22:09:54,2023-10-01 06:19:43
37,188,5,2023-08-07 01:04:14,confirmed,72.15,188,188,store,credit_card,2023-08-07 01:04:14,2023-08-21 20:25:26
38,48,1,2023-09-04 07:29:12,delivered,362.36,48,92,online,credit_card,2023-09-04 07:29:12,2023-09-04 12:50:42
39,2,2,2023-08-28 22:50:02,paid,1313.75,210,210,store,debit,2023-08-28 22:50:02,2023-09-07 13:59:03
40,83,1,2025-06-21 09:26:00,shipped,1327.16,83,83,online,paypal,2025-06-21 09:26:00,2025-07-06 00:53:20
41,76,8,2023-09-03 06:51:56,delivered,51.37,76,76,store,other,2023-09-03 06:51:56,2023-09-12 01:17:08
42,65,1,2025-02-05 13:48:05,cancelled,85.05,65,65,online,credit_card,2025-02-05 13:48:05,2025-02-24 19:37:38
43,225,6,2023-09-30 14:05:01,delivered,392.06,225,225,store,cash,2023-09-30 14:05:01,2023-10-04 13:30:41
44,176,1,2025-05-13 20:56:15,delivered,1021.33,176,176,online,cash,2025-05-13 20:56:15,2025-05-31 14:09:33
45,184,1,2025-09-23 01:06:46,delivered,738.35,184,184,online,credit_card,2025-09-23 01:06:46,2025-10-17 02:56:37
46,120,5,2024-04-25 15:17:35,delivered,172.12,120,120,store,credit_card,2024-04-25 15:17:35,2024-05-12 12:29:49
47,125,1,2023-04-23 06:37:33,shipped,503.03,125,125,online,other,2023-04-23 06:37:33,2023-05-07 19:58:32
48,58,1,2023-12-04 23:22:43,paid,446.18,58,58,online,paypal,2023-12-04 23:22:43,2023-12-17 23:28:41
49,201,3,2023-08-12 21:58:34,shipped,582.37,201,201,store,paypal,2023-08-12 21:58:34,2023-09-10 19:56:38
50,73,1,2024-06-07 16:09:32,delivered,276.08,73,73,online,debit,2024-06-07 16:09:32,2024-06-10 15:42:18
51,7,1,2023-10-31 18:57:38,paid,181.91,159,159,online,credit_card,2023-10-31 18:57:38,2023-11-26 22:32:40
52,70,1,2023-01-29 01:58:44,delivered,106.11,70,70,online,credit_card,2023-01-29 01:58:44,2023-02-17 10:40:21
53,22,1,2023-06-02 10:45:02,shipped,1206.73,373,373,online,credit_card,2023-06-02 10:45:02,2023-06-30 08:57:44
54,28,1,2025-04-30 01:52:08,delivered,800.93,28,28,online,credit_card,2025-04-30 01:52:08,2025-05-07 19:41:59
55,29,1,2023-09-08 04:12:49,cancelled,539.79,29,39,online,credit_card,2023-09-08 04:12:49,2023-09-15 22:59:31
56,221,1,2025-11-24 00:58:28,returned,56.65,221,221,online,cash,2025-11-24 00:58:28,2025-12-07 13:09:22
57,11,4,2024-06-26 21:46:27,returned,815.84,11,11,store,credit_card,2024-06-26 21:46:27,2024-07-22 15:42:16
58,185,2,2025-04-28 13:00:01,paid,75.84,185,185,store,credit_card,2025-04-28 13:00:01,2025-05-17 00:02:11
59,217,7,2025-02-16 01:54:22,delivered,886.65,217,217,store,debit,2025-02-16 01:54:22,2025-03-10 09:47:51
60,171,4,2025-11-16 03:54:46,delivered,429.67,171,171,store,debit,2025-11-16 03:54:46,2025-12-08 01:13:31
61,47,5,2023-03-28 19:22:12,delivered,965.81,47,47,store,debit,2023-03-28 19:22:12,2023-04-07 16:48:12
62,86,1,2023-05-09 10:41:24,confirmed,606.95,86,86,online,debit,2023-05-09 10:41:24,2023-06-05 12:11:27
63,115,1,2024-07-12 16:09:20,delivered,106.85,115,141,online,credit_card,2024-07-12 16:09:20,2024-08-10 19:50:10
64,20,2,2023-07-07 12:59:42,delivered,27.91,20,146,store,credit_card,2023-07-07 12:59:42,2023-07-10 04:08:37
65,161,2,2023-07-20 02:50:52,delivered,37.99,161,169,store,credit_card,2023-07-20 02:50:52,2023-07-27 14:26:28
66,184,1,2024-11-13 22:47:45,delivered,795.51,184,184,online,credit_card,2024-11-13 22:47:45,2024-12-05 13:09:53
67,109,6,2025-10-25 15:30:33,pending,610.01,20,20,store,credit_card,2025-10-25 15:30:33,2025-11-17 22:10:29
68,84,1,2025-04-24 10:32:55,paid,995.06,84,84,online,other,2025-04-24 10:32:55,2025-05-06 07:37:27
69,106,1,2025-07-15 10:26:47,delivered,1303.42,106,106,online,paypal,2025-07-15 10:26:47,2025-08-04 04:30:00
70,194,1,2025-07-04 13:14:31,delivered,66.79,172,172,online,debit,2025-07-04 13:14:31,2025-07-30 01:05:08
71,10,1,2024-07-23 01:31:07,cancelled,285.73,10,10,online,cash,2024-07-23 01:31:07,2024-07-23 11:55:14
72,188,1,2025-10-29 07:53:22,delivered,250.69,147,188,online,debit,2025-10-29 07:53:22,2025-11-03 11:13:25
73,208,1,2023-07-27 15:20:03,delivered,1435.90,41,41,online,credit_card,2023-07-27 15:20:03,2023-07-28 11:11:19
74,93,1,2024-02-17 05:01:37,delivered,1428.53,93,211,online,credit_card,2024-02-17 05:01:37,2024-02-24 09:58:43
75,51,6,2025-04-27 03:34:12,delivered,266.66,317,317,store,debit,2025-04-27 03:34:12,2025-05-05 16:24:29
76,106,3,2024-01-16 01:15:48,delivered,218.75,106,106,store,credit_card,2024-01-16 01:15:48,2024-02-06 01:04:33
77,123,1,2024-07-27 22:42:27,delivered,561.09,123,123,online,credit_card,2024-07-27 22:42:27,2024-08-25 17:57:26
78,196,1,2023-08-23 17:41:53,delivered,1354.29,196,383,online,debit,2023-08-23 17:41:53,2023-09-15 19:41:44
79,65,1,2025-03-17 21:47:21,delivered,457.82,65,65,online,credit_card,2025-03-17 21:47:21,2025-03-28 21:44:53
80,193,9,2024-02-01 07:50:24,delivered,126.18,193,30,store,credit_card,2024-02-01 07:50:24,2024-02-26 10:03:47
81,94,1,2024-08-07 06:06:30,delivered,54.90,94,94,online,credit_card,2024-08-07 06:06:30,2024-08-26 08:21:01
82,127,1,2025-02-28 16:03:45,returned,866.80,127,127,online,cash,2025-02-28 16:03:45,2025-03-06 08:08:06
83,2,1,2023-05-30 23:43:56,paid,92.78,2,2,online,cash,2023-05-30 23:43:56,2023-06-11 17:57:59
84,162,1,2025-02-09 05:51:28,paid,533.40,162,162,online,paypal,2025-02-09 05:51:28,2025-03-09 00:36:57
85,137,9,2023-08-15 22:30:44,delivered,1445.23,137,137,store,gift_card,2023-08-15 22:30:44,2023-08-22 11:36:49
86,160,1,2023-11-17 02:40:55,returned,62.85,160,160,online,cash,2023-11-17 02:40:55,2023-12-13 16:19:26
87,51,6,2024-10-13 21:15:25,delivered,65.23,51,246,store,credit_card,2024-10-13 21:15:25,2024-11-05 01:17:49
88,225,1,2024-04-08 13:47:05,delivered,61.16,177,177,online,cash,2024-04-08 13:47:05,2024-05-02 05:16:35
89,133,1,2025-07-24 09:12:31,paid,869.01,133,133,online,credit_card,2025-07-24 09:12:31,2025-07-27 19:15:01
90,115,1,2024-07-25 17:04:11,delivered,852.65,115,115,online,credit_card,2024-07-25 17:04:11,2024-08-08 08:02:57
91,7,1,2023-01-28 01:52:57,delivered,191.05,253,253,online,credit_card,2023-01-28 01:52:57,2023-02-25 00:35:47
92,248,3,2024-03-27 03:02:39,delivered,357.59,337,337,store,cash,2024-03-27 03:02:39,2024-04-04 14:30:16
93,34,1,2023-03-12 08:08:13,delivered,178.71,34,34,online,paypal,2023-03-12 08:08:13,2023-04-09 15:41:47
94,229,1,2025-03-06 02:43:46,delivered,273.00,57,146,online,credit_card,2025-03-06 02:43:46,2025-03-23 06:28:42
95,192,1,2025-03-20 12:14:45,delivered,493.50,192,229,online,credit_card,2025-03-20 12:14:45,2025-03-25 06:57:03
96,25,1,2024-11-25 06:33:36,delivered,831.57,25,25,online,credit_card,2024-11-25 06:33:36,2024-11-30 08:41:31
97,115,1,2025-07-16 04:54:35,delivered,1019.64,115,115,online,credit_card,2025-07-16 04:54:35,2025-07-20 16:44:57
98,191,4,2024-09-23 06:29:29,delivered,878.39,191,191,store,paypal,2024-09-23 06:29:29,2024-09-29 00:03:40
99,90,8,2025-08-02 16:29:57,delivered,36.51,90,90,store,debit,2025-08-02 16:29:57,2025-08-14 09:23:44
100,197,2,2025-03-07 03:44:56,delivered,863.78,325,148,store,debit,2025-03-07 03:44:56,2025-03-21 03:41:20
101,91,3,2025-08-26 06:12:55,paid,35.99,91,91,store,credit_card,2025-08-26 06:12:55,2025-09-07 05:58:36
102,36,1,2025-04-29 15:00:19,delivered,20.31,36,36,online,credit_card,2025-04-29 15:00:19,2025-05-12 02:23:19
103,58,3,2025-01-02 14:47:04,shipped,200.78,58,58,store,credit_card,2025-01-02 14:47:04,2025-01-27 07:35:43
104,75,1,2025-03-02 01:08:21,delivered,25.63,75,75,online,cash,2025-03-02 01:08:21,2025-03-13 16:31:13
105,1,1,2024-02-13 02:35:49,delivered,95.37,1,1,online,gift_card,2024-02-13 02:35:49,2024-02-18 13:31:16
106,81,1,2025-07-01 15:58:40,pending,677.90,217,217,online,paypal,2025-07-01 15:58:40,2025-07-12 18:19:47
107,84,1,2024-04-17 05:41:33,delivered,339.84,363,363,online,other,2024-04-17 05:41:33,2024-05-02 17:59:33
108,101,1,2024-04-03 12:19:39,delivered,150.46,57,37,online,credit_card,2024-04-03 12:19:39,2024-04-04 07:35:33
109,13,1,2024-01-22 15:45:18,shipped,20.47,13,13,online,credit_card,2024-01-22 15:45:18,2024-02-10 16:16:28
110,151,1,2023-11-12 21:35:25,delivered,722.37,151,266,online,credit_card,2023-11-12 21:35:25,2023-11-27 16:02:18
111,159,8,2023-04-12 15:43:53,delivered,48.15,159,159,store,paypal,2023-04-12 15:43:53,2023-05-05 09:07:19
112,215,1,2024-10-03 15:46:41,shipped,630.02,215,215,online,paypal,2024-10-03 15:46:41,2024-10-25 08:41:22
113,131,1,2024-06-03 16:58:50,confirmed,20.13,131,131,online,credit_card,2024-06-03 16:58:50,2024-06-29 11:07:18
114,242,7,2024-07-06 16:59:36,delivered,389.57,346,242,store,gift_card,2024-07-06 16:59:36,2024-07-24 18:51:38
115,170,1,2024-09-14 09:24:27,delivered,377.15,170,170,online,credit_card,2024-09-14 09:24:27,2024-09-19 19:55:29
116,95,3,2024-11-03 02:48:14,paid,486.75,352,352,store,credit_card,2024-11-03 02:48:14,2024-11-05 11:44:59
117,232,6,2023-08-25 19:50:56,confirmed,349.92,232,232,store,credit_card,2023-08-25 19:50:56,2023-09-21 20:24:39
118,17,1,2024-07-14 08:38:57,shipped,420.19,17,251,online,cash,2024-07-14 08:38:57,2024-07-27 20:16:26
119,174,7,2023-09-18 11:57:23,delivered,69.42,174,174,store,credit_card,2023-09-18 11:57:23,2023-09-27 14:09:03
120,50,1,2023-01-09 15:14:18,paid,538.40,142,142,online,other,2023-01-09 15:14:18,2023-01-21 10:59:37
121,235,1,2024-06-12 00:52:40,pending,883.69,235,235,online,cash,2024-06-12 00:52:40,2024-06-30 00:00:11
122,83,4,2023-09-04 14:43:42,delivered,1418.99,83,83,store,cash,2023-09-04 14:43:42,2023-09-18 09:25:43
123,87,7,2025-04-21 13:59:11,pending,794.88,27,27,store,debit,2025-04-21 13:59:11,2025-05-06 17:03:58
124,37,1,2025-01-07 11:25:37,delivered,696.18,37,193,online,credit_card,2025-01-07 11:25:37,2025-01-30 06:39:42
125,225,1,2024-03-25 16:23:02,returned,39.39,25,25,online,credit_card,2024-03-25 16:23:02,2024-03-27 09:21:14
126,141,1,2025-06-06 23:08:21,delivered,1382.16,141,141,online,credit_card,2025-06-06 23:08:21,2025-06-20 12:47:23
127,121,1,2024-03-05 11:25:56,delivered,1320.68,121,384,online,credit_card,2024-03-05 11:25:56,2024-03-14 16:13:57
128,51,3,2025-05-07 08:46:42,delivered,785.16,51,51,store,credit_card,2025-05-07 08:46:42,2025-05-11 22:39:54
129,141,7,2024-03-26 00:13:09,delivered,24.63,141,141,store,gift_card,2024-03-26 00:13:09,2024-04-17 16:43:45
130,179,6,2023-02-13 11:12:32,shipped,73.04,179,179,store,other,2023-02-13 11:12:32,2023-02-28 05:55:13
131,120,1,2024-03-13 02:11:31,paid,200.42,120,120,online,credit_card,2024-03-13 02:11:31,2024-03-15 05:04:24
132,125,1,2024-09-22 05:22:07,delivered,39.43,125,125,online,credit_card,2024-09-22 05:22:07,2024-10-22 03:44:08
133,84,6,2024-09-26 00:50:07,paid,58.38,84,84,store,credit_card,2024-09-26 00:50:07,2024-10-09 22:05:05
134,105,5,2023-07-07 11:18:45,paid,722.78,365,365,store,debit,2023-07-07 11:18:45,2023-07-23 03:53:24
135,46,7,2024-04-02 16:55:30,paid,953.74,46,46,store,credit_card,2024-04-02 16:55:30,2024-04-27 10:07:44
136,46,6,2024-02-12 20:42:22,delivered,505.73,46,46,store,paypal,2024-02-12 20:42:22,2024-02-17 20:37:20
137,217,1,2025-09-10 01:51:51,paid,525.95,217,268,online,credit_card,2025-09-10 01:51:51,2025-10-07 21:12:38
138,145,1,2024-01-05 07:05:44,confirmed,285.94,145,145,online,credit_card,2024-01-05 07:05:44,2024-01-23 20:29:52
139,49,1,2024-04-24 07:41:12,delivered,196.23,49,49,online,paypal,2024-04-24 07:41:12,2024-05-18 11:51:41
140,13,1,2025-07-07 03:00:10,delivered,1073.63,13,13,online,cash,2025-07-07 03:00:10,2025-07-09 22:07:19
141,107,1,2024-12-31 04:10:15,paid,1048.25,352,107,online,cash,2024-12-31 04:10:15,2025-01-18 12:37:44
142,90,1,2025-01-27 14:49:44,delivered,490.35,135,135,online,credit_card,2025-01-27 14:49:44,2025-02-01 02:17:25
143,83,2,2024-08-31 15:52:25,delivered,413.27,83,157,store,credit_card,2024-08-31 15:52:25,2024-09-19 07:19:42
144,161,1,2024-10-07 12:36:43,paid,377.05,161,161,online,credit_card,2024-10-07 12:36:43,2024-10-21 01:28:38
145,27,1,2024-10-02 03:46:48,delivered,305.25,130,221,online,credit_card,2024-10-02 03:46:48,2024-10-23 21:01:14
146,133,1,2023-10-02 18:12:29,returned,65.67,133,133,online,credit_card,2023-10-02 18:12:29,2023-10-17 13:14:55
147,109,8,2023-07-28 08:26:22,delivered,792.76,109,109,store,debit,2023-07-28 08:26:22,2023-08-26 01:44:41
148,62,1,2024-09-20 04:43:46,delivered,193.05,62,62,online,credit_card,2024-09-20 04:43:46,2024-10-10 19:49:52
149,104,1,2023-03-26 19:59:36,paid,422.20,104,104,online,other,2023-03-26 19:59:36,2023-04-07 07:22:57
150,188,1,2023-02-25 17:25:17,returned,222.22,188,188,online,debit,2023-02-25 17:25:17,2023-03-09 05:12:42
151,134,1,2025-01-20 18:34:50,pending,599.57,134,134,online,debit,2025-01-20 18:34:50,2025-02-10 17:58:25
152,242,1,2023-11-18 18:11:24,delivered,99.10,242,242,online,cash,2023-11-18 18:11:24,2023-12-01 07:38:35
153,27,1,2024-11-01 04:25:24,confirmed,982.92,27,27,online,credit_card,2024-11-01 04:25:24,2024-11-13 22:58:24
154,58,1,2024-01-15 07:38:20,pending,29.23,58,58,online,paypal,2024-01-15 07:38:20,2024-02-06 22:29:33
155,72,1,2023-05-04 15:46:07,shipped,210.24,72,193,online,debit,2023-05-04 15:46:07,2023-05-13 04:25:39
156,111,4,2023-04-18 22:50:25,paid,20.47,111,244,store,gift_card,2023-04-18 22:50:25,2023-05-10 08:46:25
157,30,1,2024-12-18 05:04:13,paid,43.36,30,226,online,cash,2024-12-18 05:04:13,2025-01-04 00:32:54
158,197,8,2024-05-18 08:08:27,delivered,585.34,197,197,store,gift_card,2024-05-18 08:08:27,2024-06-04 15:52:53
159,217,3,2023-01-18 13:32:41,returned,65.61,217,217,store,credit_card,2023-01-18 13:32:41,2023-01-22 09:16:20
160,238,2,2023-04-06 18:49:20,shipped,376.14,78,238,store,credit_card,2023-04-06 18:49:20,2023-04-12 08:03:42
161,199,1,2025-04-30 10:38:42,shipped,619.40,199,199,online,debit,2025-04-30 10:38:42,2025-05-06 22:08:44
162,207,8,2024-02-20 07:39:07,delivered,273.94,207,207,store,debit,2024-02-20 07:39:07,2024-02-22 02:35:39
163,41,1,2024-10-19 14:21:13,delivered,294.06,332,41,online,gift_card,2024-10-19 14:21:13,2024-11-08 03:25:49
164,140,1,2025-02-16 06:55:50,confirmed,21.36,140,140,online,debit,2025-02-16 06:55:50,2025-02-20 20:16:34
165,49,1,2024-07-23 09:16:41,delivered,1030.06,9,9,online,cash,2024-07-23 09:16:41,2024-08-21 08:19:32
166,197,1,2023-07-13 17:30:14,shipped,228.42,197,197,online,paypal,2023-07-13 17:30:14,2023-07-17 12:20:53
167,188,6,2023-08-08 10:56:32,delivered,27.02,188,188,store,debit,2023-08-08 10:56:32,2023-09-06 09:49:04
168,168,1,2025-10-26 05:09:59,returned,112.42,168,168,online,credit_card,2025-10-26 05:09:59,2025-11-01 01:20:35
169,35,1,2024-08-09 16:04:07,shipped,469.06,227,227,online,credit_card,2024-08-09 16:04:07,2024-08-13 12:35:24
170,168,1,2024-12-04 10:17:31,delivered,195.31,93,168,online,gift_card,2024-12-04 10:17:31,2024-12-25 02:50:07
171,87,1,2024-05-26 21:49:24,delivered,114.36,87,48,online,credit_card,2024-05-26 21:49:24,2024-06-23 07:13:57
172,237,5,2025-02-08 23:18:06,cancelled,752.93,237,237,store,debit,2025-02-08 23:18:06,2025-02-20 12:13:26
173,14,1,2023-09-15 03:44:26,delivered,36.54,14,14,online,debit,2023-09-15 03:44:26,2023-10-10 18:36:23
174,81,1,2023-04-03 15:30:06,delivered,936.03,81,81,online,gift_card,2023-04-03 15:30:06,2023-04-24 06:03:26
175,39,1,2023-03-08 05:04:55,delivered,1211.56,39,39,online,credit_card,2023-03-08 05:04:55,2023-03-23 15:55:08
176,210,1,2023-01-30 22:02:33,shipped,181.80,210,210,online,credit_card,2023-01-30 22:02:33,2023-02-06 18:22:41
177,97,1,2024-07-30 23:07:44,confirmed,946.23,97,97,online,gift_card,2024-07-30 23:07:44,2024-08-11 17:05:25
178,72,9,2024-04-29 21:58:12,delivered,159.67,72,94,store,credit_card,2024-04-29 21:58:12,2024-05-22 14:12:58
179,134,9,2024-06-09 16:21:50,paid,512.40,134,134,store,cash,2024-06-09 16:21:50,2024-07-01 19:37:22
180,100,5,2023-08-24 08:31:37,delivered,1054.74,100,100,store,paypal,2023-08-24 08:31:37,2023-08-25 08:11:12
181,234,7,2025-07-26 13:23:32,returned,126.16,234,234,store,gift_card,2025-07-26 13:23:32,2025-08-08 12:11:14
182,223,6,2024-09-12 05:20:34,returned,95.55,223,223,store,credit_card,2024-09-12 05:20:34,2024-10-04 18:20:45
183,217,1,2023-01-16 21:27:07,cancelled,73.77,217,217,online,credit_card,2023-01-16 21:27:07,2023-01-19 21:04:07
184,20,2,2024-01-03 14:55:52,cancelled,617.99,20,205,store,debit,2024-01-03 14:55:52,2024-01-30 08:30:22
185,77,8,2023-04-11 03:28:48,shipped,955.63,19,19,store,credit_card,2023-04-11 03:28:48,2023-05-03 09:23:58
186,70,1,2025-11-16 21:38:38,paid,1462.69,70,199,online,credit_card,2025-11-16 21:38:38,2025-12-08 13:52:03
187,171,1,2025-06-09 02:54:46,paid,35.99,171,171,online,cash,2025-06-09 02:54:46,2025-06-25 09:02:03
188,137,7,2025-06-14 16:39:21,paid,455.88,137,137,store,paypal,2025-06-14 16:39:21,2025-07-13 11:28:40
189,194,6,2024-10-30 07:52:44,delivered,775.99,194,194,store,credit_card,2024-10-30 07:52:44,2024-11-05 08:44:02
190,175,1,2025-05-30 23:32:11,delivered,1027.24,175,175,online,debit,2025-05-30 23:32:11,2025-06-07 22:17:07
191,58,2,2023-12-24 19:59:52,confirmed,37.00,58,58,store,gift_card,2023-12-24 19:59:52,2024-01-14 16:59:01
192,13,5,2025-04-05 00:24:22,pending,376.66,13,13,store,debit,2025-04-05 00:24:22,2025-04-24 20:50:59
193,249,1,2024-07-10 05:55:35,delivered,300.27,249,249,online,debit,2024-07-10 05:55:35,2024-08-08 12:49:39
194,111,9,2024-08-28 12:17:15,paid,156.17,111,111,store,debit,2024-08-28 12:17:15,2024-09-06 22:59:32
195,38,1,2023-02-16 12:05:53,delivered,110.15,38,38,online,credit_card,2023-02-16 12:05:53,2023-03-09 08:03:46
196,219,1,2024-01-21 03:43:16,confirmed,1059.77,219,219,online,debit,2024-01-21 03:43:16,2024-01-24 15:56:28
197,112,2,2024-06-18 11:35:14,shipped,30.86,112,112,store,credit_card,2024-06-18 11:35:14,2024-07-03 01:49:14
198,69,6,2025-08-20 17:57:17,paid,553.03,69,69,store,paypal,2025-08-20 17:57:17,2025-08-29 21:41:38
199,199,1,2023-09-30 03:40:52,delivered,522.14,199,179,online,credit_card,2023-09-30 03:40:52,2023-10-14 20:41:58
200,204,4,2023-12-29 05:33:57,delivered,97.97,204,204,store,cash,2023-12-29 05:33:57,2024-01-12 07:13:16
201,147,1,2023-04-27 20:24:26,confirmed,21.09,147,176,online,debit,2023-04-27 20:24:26,2023-05-25 09:34:22
202,243,5,2024-05-23 17:59:44,shipped,120.04,243,14,store,debit,2024-05-23 17:59:44,2024-06-18 00:31:29
203,150,9,2024-09-27 03:54:24,shipped,1130.79,150,150,store,credit_card,2024-09-27 03:54:24,2024-09-27 16:35:56
204,111,1,2025-07-30 06:49:02,delivered,811.74,111,111,online,debit,2025-07-30 06:49:02,2025-08-08 00:35:49
205,229,3,2023-11-07 02:03:34,paid,39.36,229,229,store,other,2023-11-07 02:03:34,2023-11-24 03:43:05
206,197,1,2023-05-03 04:22:09,cancelled,1305.76,197,197,online,paypal,2023-05-03 04:22:09,2023-05-06 09:31:50
207,59,1,2025-09-24 21:35:53,delivered,20.37,21,39,online,credit_card,2025-09-24 21:35:53,2025-10-06 12:34:08
208,141,1,2023-10-06 16:56:32,delivered,521.85,141,141,online,debit,2023-10-06 16:56:32,2023-10-20 04:55:15
209,35,1,2025-08-25 00:32:52,shipped,421.66,35,35,online,credit_card,2025-08-25 00:32:52,2025-08-26 15:12:39
210,75,1,2024-11-07 02:07:48,paid,622.74,75,75,online,gift_card,2024-11-07 02:07:48,2024-11-16 16:04:11
211,62,1,2023-03-25 14:53:24,delivered,43.80,62,62,online,gift_card,2023-03-25 14:53:24,2023-04-24 03:33:04
212,44,1,2024-05-31 19:35:29,delivered,1052.89,44,44,online,paypal,2024-05-31 19:35:29,2024-06-03 02:32:57
213,220,3,2023-06-22 14:25:52,delivered,20.55,220,220,store,credit_card,2023-06-22 14:25:52,2023-07-22 14:17:59
214,1,3,2024-02-06 00:05:24,confirmed,698.57,1,1,store,other,2024-02-06 00:05:24,2024-02-24 18:19:41
215,136,1,2025-10-15 23:45:38,delivered,141.23,93,247,online,cash,2025-10-15 23:45:38,2025-10-18 07:38:20
216,235,1,2025-01-05 02:58:37,delivered,113.92,235,235,online,credit_card,2025-01-05 02:58:37,2025-01-18 17:29:58
217,42,1,2023-11-20 13:11:55,returned,722.09,42,219,online,credit_card,2023-11-20 13:11:55,2023-12-07 04:04:10
218,156,4,2024-03-28 15:34:19,confirmed,137.73,156,156,store,other,2024-03-28 15:34:19,2024-04-15 22:28:08
219,196,1,2023-12-15 02:17:10,paid,496.83,196,196,online,credit_card,2023-12-15 02:17:10,2024-01-01 13:05:39
220,227,5,2024-01-18 22:23:31,paid,775.20,227,227,store,credit_card,2024-01-18 22:23:31,2024-02-12 01:54:58
221,232,1,2023-08-19 09:28:14,paid,523.93,232,232,online,credit_card,2023-08-19 09:28:14,2023-08-23 14:15:25
222,202,1,2024-05-30 08:24:51,shipped,1127.27,202,202,online,debit,2024-05-30 08:24:51,2024-06-27 14:24:53
223,2,7,2024-02-14 00:20:59,confirmed,422.86,2,2,store,other,2024-02-14 00:20:59,2024-03-02 00:28:34
224,189,9,2024-12-11 14:57:13,delivered,101.91,189,189,store,credit_card,2024-12-11 14:57:13,2025-01-05 00:26:38
225,149,8,2025-10-19 13:03:55,delivered,935.03,177,271,store,debit,2025-10-19 13:03:55,2025-11-07 07:21:08
226,133,1,2023-03-22 06:57:34,delivered,1278.20,133,133,online,debit,2023-03-22 06:57:34,2023-03-26 12:00:35
227,116,1,2024-09-16 23:52:49,delivered,991.85,116,116,online,credit_card,2024-09-16 23:52:49,2024-10-10 15:13:23
228,142,2,2024-08-12 19:48:34,confirmed,527.83,142,289,store,credit_card,2024-08-12 19:48:34,2024-08-18 22:52:16
229,216,5,2025-06-05 09:31:26,shipped,188.44,216,216,store,credit_card,2025-06-05 09:31:26,2025-06-19 06:53:41
230,74,2,2024-03-10 06:32:39,delivered,145.31,74,102,store,credit_card,2024-03-10 06:32:39,2024-03-22 00:10:18
231,81,1,2024-07-08 12:49:55,delivered,34.31,81,81,online,credit_card,2024-07-08 12:49:55,2024-07-23 02:56:47
232,223,2,2025-11-18 20:04:18,delivered,1079.34,223,27,store,cash,2025-11-18 20:04:18,2025-12-03 04:33:24
233,168,8,2024-02-05 18:30:07,confirmed,364.93,168,168,store,credit_card,2024-02-05 18:30:07,2024-02-13 14:14:45
234,238,4,2025-07-28 20:40:45,delivered,252.79,238,238,store,credit_card,2025-07-28 20:40:45,2025-08-09 14:12:01
235,70,3,2025-02-05 09:22:46,delivered,21.59,70,70,store,credit_card,2025-02-05 09:22:46,2025-02-21 11:33:31
236,233,8,2023-05-12 13:40:37,delivered,39.82,233,233,store,cash,2023-05-12 13:40:37,2023-05-20 18:41:16
237,221,7,2024-08-15 19:19:17,delivered,1088.62,340,340,store,credit_card,2024-08-15 19:19:17,2024-08-15 20:01:11
238,182,1,2025-06-14 14:06:15,delivered,396.69,182,182,online,debit,2025-06-14 14:06:15,2025-06-23 04:14:26
239,229,1,2024-04-20 22:45:14,delivered,322.85,178,178,online,credit_card,2024-04-20 22:45:14,2024-05-14 20:15:48
240,125,1,2023-10-29 10:41:33,paid,693.96,125,125,online,cash,2023-10-29 10:41:33,2023-11-09 22:02:01
241,28,7,2023-07-22 13:15:22,paid,705.65,28,28,store,credit_card,2023-07-22 13:15:22,2023-07-29 14:16:14
242,4,5,2024-04-27 08:36:05,delivered,56.02,88,88,store,credit_card,2024-04-27 08:36:05,2024-05-12 11:12:38
243,192,1,2023-07-01 10:41:25,delivered,98.68,192,292,online,credit_card,2023-07-01 10:41:25,2023-07-02 01:15:59
244,166,1,2024-08-21 21:42:10,cancelled,101.82,166,166,online,credit_card,2024-08-21 21:42:10,2024-09-10 02:13:33
245,211,1,2025-09-07 19:22:24,delivered,22.67,211,211,online,credit_card,2025-09-07 19:22:24,2025-09-26 07:40:25
246,134,1,2023-08-19 13:02:42,paid,206.04,134,134,online,credit_card,2023-08-19 13:02:42,2023-08-26 01:50:50
247,185,1,2024-11-13 02:44:45,confirmed,564.86,185,185,online,credit_card,2024-11-13 02:44:45,2024-11-15 06:29:48
248,247,9,2025-03-18 05:38:40,paid,20.64,247,247,store,credit_card,2025-03-18 05:38:40,2025-03-28 20:44:02
249,140,1,2024-11-22 07:18:45,delivered,29.38,140,140,online,credit_card,2024-11-22 07:18:45,2024-11-29 02:56:53
250,54,1,2025-03-31 21:05:19,delivered,149.34,229,229,online,debit,2025-03-31 21:05:19,2025-04-06 03:52:58
251,213,7,2023-08-31 21:55:19,shipped,1253.48,213,213,store,paypal,2023-08-31 21:55:19,2023-09-19 15:46:33
252,98,1,2023-10-20 08:23:50,delivered,1080.17,98,292,online,debit,2023-10-20 08:23:50,2023-11-07 04:08:24
253,206,9,2025-04-26 08:27:09,confirmed,679.30,206,206,store,credit_card,2025-04-26 08:27:09,2025-05-25 10:49:49
254,73,1,2024-07-23 00:23:53,confirmed,778.49,350,350,online,credit_card,2024-07-23 00:23:53,2024-07-30 15:31:48
255,156,1,2025-04-24 20:51:11,confirmed,30.59,156,156,online,debit,2025-04-24 20:51:11,2025-05-22 15:16:34
256,61,3,2024-09-02 00:54:12,cancelled,363.22,61,61,store,cash,2024-09-02 00:54:12,2024-09-28 08:49:18
257,36,9,2024-05-11 02:52:30,paid,595.93,77,77,store,credit_card,2024-05-11 02:52:30,2024-05-17 08:13:35
258,121,1,2025-11-23 23:07:07,delivered,443.51,121,121,online,credit_card,2025-11-23 23:07:07,2025-12-22 21:47:20
259,96,1,2024-09-21 14:47:46,shipped,23.96,215,96,online,other,2024-09-21 14:47:46,2024-09-27 12:45:22
260,152,1,2023-10-31 08:10:58,confirmed,614.37,152,152,online,credit_card,2023-10-31 08:10:58,2023-11-18 17:52:16
261,43,9,2025-10-25 18:34:29,delivered,1179.18,43,43,store,credit_card,2025-10-25 18:34:29,2025-11-04 00:41:50
262,214,7,2024-10-11 00:38:41,pending,973.24,214,342,store,debit,2024-10-11 00:38:41,2024-11-04 20:16:55
263,68,8,2023-07-12 13:02:46,delivered,1040.67,88,88,store,credit_card,2023-07-12 13:02:46,2023-08-06 12:09:42
264,128,1,2025-05-09 11:11:23,paid,161.24,128,395,online,paypal,2025-05-09 11:11:23,2025-05-21 03:12:15
265,59,1,2023-07-07 13:08:03,delivered,694.72,59,70,online,debit,2023-07-07 13:08:03,2023-07-28 03:01:26
266,67,1,2024-07-30 05:15:08,shipped,1092.36,67,67,online,credit_card,2024-07-30 05:15:08,2024-08-14 09:33:29
267,78,1,2024-02-12 04:17:57,delivered,112.80,157,157,online,credit_card,2024-02-12 04:17:57,2024-02-19 13:32:13
268,77,1,2025-07-04 06:08:14,shipped,135.18,77,77,online,other,2025-07-04 06:08:14,2025-07-06 02:23:58
269,193,7,2024-09-12 14:27:59,delivered,475.84,193,172,store,cash,2024-09-12 14:27:59,2024-10-03 19:49:44
270,134,7,2025-03-30 15:11:55,shipped,608.84,134,134,store,gift_card,2025-03-30 15:11:55,2025-04-28 11:21:23
271,241,1,2024-10-06 06:10:52,confirmed,1431.11,241,241,online,credit_card,2024-10-06 06:10:52,2024-11-03 18:47:10
272,182,1,2024-01-25 11:35:46,delivered,20.53,182,182,online,credit_card,2024-01-25 11:35:46,2024-02-16 05:04:01
273,245,1,2025-03-11 23:17:50,paid,326.67,245,245,online,paypal,2025-03-11 23:17:50,2025-03-14 15:53:46
274,122,1,2025-01-25 06:59:20,paid,91.56,122,122,online,paypal,2025-01-25 06:59:20,2025-02-15 23:21:36
275,213,1,2024-04-25 12:56:44,delivered,215.11,213,213,online,credit_card,2024-04-25 12:56:44,2024-05-20 05:14:59
276,127,2,2025-06-26 14:34:53,delivered,391.75,127,127,store,other,2025-06-26 14:34:53,2025-07-03 16:50:57
277,50,1,2024-09-15 00:48:21,confirmed,613.62,50,50,online,credit_card,2024-09-15 00:48:21,2024-09-21 11:14:04
278,32,1,2023-03-06 04:22:26,shipped,953.29,78,78,online,cash,2023-03-06 04:22:26,2023-03-26 13:14:54
279,77,1,2023-03-27 13:22:00,paid,317.15,77,77,online,credit_card,2023-03-27 13:22:00,2023-04-17 22:29:39
280,222,2,2024-08-01 07:56:20,delivered,1066.79,222,222,store,paypal,2024-08-01 07:56:20,2024-08-07 03:44:36
281,175,1,2023-10-19 21:52:16,delivered,601.81,25,18,online,credit_card,2023-10-19 21:52:16,2023-11-08 16:30:00
282,91,9,2023-12-12 23:55:53,paid,20.51,91,91,store,credit_card,2023-12-12 23:55:53,2024-01-04 21:59:12
283,186,1,2025-10-27 23:05:32,cancelled,97.71,186,292,online,credit_card,2025-10-27 23:05:32,2025-11-01 00:37:57
284,84,1,2025-10-11 15:31:48,pending,813.77,84,84,online,paypal,2025-10-11 15:31:48,2025-10-20 19:58:52
285,41,1,2023-05-01 01:21:51,confirmed,76.12,259,41,online,paypal,2023-05-01 01:21:51,2023-05-16 20:32:48
286,44,1,2023-02-04 08:05:46,paid,1170.07,44,44,online,debit,2023-02-04 08:05:46,2023-03-05 03:13:43
287,231,9,2025-01-25 20:51:19,delivered,67.55,231,231,store,credit_card,2025-01-25 20:51:19,2025-02-01 01:17:48
288,124,1,2025-11-08 07:08:49,delivered,944.10,124,124,online,debit,2025-11-08 07:08:49,2025-11-17 05:57:34
289,18,9,2023-04-10 03:55:47,cancelled,955.55,18,18,store,credit_card,2023-04-10 03:55:47,2023-04-29 07:35:55
290,32,1,2023-08-10 11:30:13,cancelled,1492.62,32,32,online,other,2023-08-10 11:30:13,2023-08-30 04:01:40
291,22,1,2024-01-28 21:27:00,delivered,923.15,22,22,online,paypal,2024-01-28 21:27:00,2024-02-14 21:54:26
292,53,2,2025-01-06 04:26:21,delivered,151.83,53,53,store,debit,2025-01-06 04:26:21,2025-01-17 09:17:41
293,21,1,2024-08-18 02:48:22,delivered,528.79,389,361,online,credit_card,2024-08-18 02:48:22,2024-09-03 05:39:04
294,38,8,2023-02-02 09:11:53,shipped,760.62,165,69,store,other,2023-02-02 09:11:53,2023-02-27 04:15:53
295,74,1,2024-05-26 18:10:36,cancelled,29.07,74,74,online,debit,2024-05-26 18:10:36,2024-06-13 18:23:27
296,210,2,2023-01-11 21:06:56,delivered,1391.41,210,210,store,cash,2023-01-11 21:06:56,2023-01-12 07:00:59
297,51,1,2025-01-16 06:54:52,returned,30.71,261,261,online,credit_card,2025-01-16 06:54:52,2025-01-20 10:10:55
298,49,4,2023-07-24 15:20:09,pending,1136.18,49,49,store,gift_card,2023-07-24 15:20:09,2023-08-01 09:49:51
299,200,1,2025-05-18 02:18:46,delivered,47.29,200,200,online,credit_card,2025-05-18 02:18:46,2025-05-18 20:19:15
300,5,1,2023-07-08 14:46:14,shipped,787.33,5,5,online,debit,2023-07-08 14:46:14,2023-08-02 19:40:09
301,232,1,2025-02-22 07:07:59,shipped,223.15,232,64,online,credit_card,2025-02-22 07:07:59,2025-03-14 21:35:35
302,165,5,2023-08-30 07:02:32,confirmed,501.06,165,358,store,debit,2023-08-30 07:02:32,2023-09-22 01:31:35
303,28,4,2023-01-31 18:45:41,shipped,1390.76,28,28,store,credit_card,2023-01-31 18:45:41,2023-02-21 13:31:33
304,29,9,2024-03-08 19:19:31,paid,45.29,29,29,store,credit_card,2024-03-08 19:19:31,2024-03-20 14:55:51
305,6,1,2024-07-08 12:29:08,paid,550.23,6,6,online,credit_card,2024-07-08 12:29:08,2024-07-30 11:23:02
306,22,5,2023-03-24 06:08:22,delivered,146.25,22,22,store,debit,2023-03-24 06:08:22,2023-04-10 06:03:24
307,180,2,2023-05-06 19:55:11,confirmed,277.95,180,395,store,credit_card,2023-05-06 19:55:11,2023-05-14 19:15:10
308,164,1,2023-08-28 07:24:38,returned,251.65,229,229,online,paypal,2023-08-28 07:24:38,2023-09-15 21:15:32
309,201,5,2024-05-14 07:49:24,returned,98.87,201,201,store,paypal,2024-05-14 07:49:24,2024-06-09 03:27:58
310,190,4,2024-07-02 20:03:10,delivered,354.09,190,190,store,credit_card,2024-07-02 20:03:10,2024-07-08 23:54:19
311,87,5,2024-08-26 13:05:27,delivered,885.00,87,170,store,credit_card,2024-08-26 13:05:27,2024-08-31 10:57:53
312,182,8,2023-08-28 11:09:19,delivered,325.11,182,157,store,paypal,2023-08-28 11:09:19,2023-09-06 14:24:35
313,240,1,2025-05-14 12:23:35,paid,739.47,240,240,online,credit_card,2025-05-14 12:23:35,2025-05-18 04:15:48
314,158,1,2023-10-17 01:22:30,cancelled,184.21,158,158,online,cash,2023-10-17 01:22:30,2023-11-14 12:52:43
315,150,7,2024-01-15 10:53:03,delivered,49.90,150,150,store,credit_card,2024-01-15 10:53:03,2024-02-07 13:48:22
316,219,1,2024-12-21 16:34:03,delivered,1364.04,330,330,online,credit_card,2024-12-21 16:34:03,2024-12-26 22:17:11
317,54,1,2025-07-16 23:25:45,pending,182.55,54,54,online,debit,2025-07-16 23:25:45,2025-08-10 17:38:12
318,88,2,2024-05-10 10:37:36,confirmed,540.80,378,378,store,credit_card,2024-05-10 10:37:36,2024-05-31 14:27:17
319,54,1,2024-11-30 06:29:39,delivered,724.83,22,22,online,other,2024-11-30 06:29:39,2024-12-22 11:57:45
320,214,1,2025-10-20 05:53:20,delivered,1128.24,214,214,online,credit_card,2025-10-20 05:53:20,2025-10-29 17:12:25
321,188,3,2025-06-15 08:55:51,delivered,592.28,188,88,store,credit_card,2025-06-15 08:55:51,2025-06-27 23:36:56
322,4,1,2024-02-21 18:20:57,pending,667.56,4,4,online,credit_card,2024-02-21 18:20:57,2024-03-22 08:29:53
323,63,1,2025-06-08 04:08:45,shipped,378.71,63,63,online,cash,2025-06-08 04:08:45,2025-06-26 09:08:25
324,94,1,2025-08-17 12:46:54,returned,627.80,94,94,online,debit,2025-08-17 12:46:54,2025-09-05 07:51:02
325,45,1,2025-05-13 02:19:02,delivered,865.97,45,191,online,paypal,2025-05-13 02:19:02,2025-05-27 12:08:03
326,118,9,2023-11-30 16:49:20,cancelled,313.72,118,118,store,paypal,2023-11-30 16:49:20,2023-12-20 21:21:59
327,234,1,2023-10-30 04:40:35,shipped,339.12,234,82,online,credit_card,2023-10-30 04:40:35,2023-11-06 10:31:51
328,40,1,2024-12-06 07:28:56,paid,449.93,40,40,online,debit,2024-12-06 07:28:56,2024-12-19 10:49:45
329,10,2,2023-10-06 14:30:38,pending,98.40,10,10,store,credit_card,2023-10-06 14:30:38,2023-10-12 16:02:08
330,139,1,2023-01-22 00:15:14,paid,121.08,251,251,online,credit_card,2023-01-22 00:15:14,2023-02-05 14:43:33
331,48,1,2024-07-21 21:07:35,shipped,236.65,48,48,online,debit,2024-07-21 21:07:35,2024-07-26 03:42:52
332,74,1,2025-08-19 14:03:06,pending,750.77,74,74,online,cash,2025-08-19 14:03:06,2025-08-23 06:13:47
333,205,8,2023-11-11 09:33:31,delivered,1186.45,205,205,store,credit_card,2023-11-11 09:33:31,2023-11-26 18:09:40
334,201,1,2024-10-26 19:45:04,delivered,325.03,206,206,online,credit_card,2024-10-26 19:45:04,2024-11-04 05:19:24
335,221,4,2024-07-30 00:54:50,confirmed,452.92,391,221,store,credit_card,2024-07-30 00:54:50,2024-08-28 00:18:49
336,81,7,2024-03-21 00:23:42,confirmed,78.95,81,81,store,credit_card,2024-03-21 00:23:42,2024-04-05 07:25:00
337,193,1,2024-09-24 09:51:22,delivered,71.50,193,193,online,credit_card,2024-09-24 09:51:22,2024-10-21 03:53:10
338,163,6,2024-05-29 14:18:50,shipped,45.42,44,44,store,credit_card,2024-05-29 14:18:50,2024-06-26 13:51:38
339,68,1,2025-03-27 05:22:54,delivered,496.24,68,68,online,gift_card,2025-03-27 05:22:54,2025-04-18 19:53:28
340,164,1,2024-07-01 15:53:17,returned,225.01,164,164,online,credit_card,2024-07-01 15:53:17,2024-07-28 15:15:43
341,34,1,2023-08-07 12:12:34,delivered,517.58,34,34,online,credit_card,2023-08-07 12:12:34,2023-09-04 17:48:53
342,238,1,2023-02-08 22:32:41,delivered,140.10,238,238,online,credit_card,2023-02-08 22:32:41,2023-03-02 20:37:50
343,215,1,2024-10-26 09:52:01,delivered,128.95,215,262,online,credit_card,2024-10-26 09:52:01,2024-11-23 00:01:47
344,82,1,2024-08-02 05:06:42,shipped,217.82,82,82,online,cash,2024-08-02 05:06:42,2024-08-17 00:19:26
345,128,6,2024-08-27 08:25:28,pending,716.01,128,128,store,cash,2024-08-27 08:25:28,2024-09-17 12:14:13
346,82,1,2025-03-19 11:41:03,returned,875.80,82,82,online,other,2025-03-19 11:41:03,2025-04-06 05:23:42
347,143,2,2025-02-12 12:16:28,delivered,252.02,143,143,store,credit_card,2025-02-12 12:16:28,2025-03-12 11:32:09
348,214,1,2024-05-27 13:00:14,paid,93.35,214,214,online,credit_card,2024-05-27 13:00:14,2024-06-26 07:56:26
349,164,1,2025-10-02 06:31:09,cancelled,443.06,164,164,online,cash,2025-10-02 06:31:09,2025-10-22 12:04:24
350,17,1,2025-07-06 20:41:58,delivered,1014.14,206,206,online,credit_card,2025-07-06 20:41:58,2025-08-04 17:50:01
351,141,1,2025-06-25 21:47:59,paid,1146.39,141,141,online,debit,2025-06-25 21:47:59,2025-07-01 14:02:55
352,161,6,2023-03-26 14:03:10,delivered,48.51,161,161,store,credit_card,2023-03-26 14:03:10,2023-04-14 12:58:19
353,185,2,2023-03-11 07:40:44,delivered,781.84,185,185,store,credit_card,2023-03-11 07:40:44,2023-04-01 11:43:20
354,243,2,2025-09-20 20:04:01,confirmed,97.72,243,243,store,credit_card,2025-09-20 20:04:01,2025-10-10 02:49:55
355,234,1,2023-05-02 23:40:19,paid,271.15,234,234,online,credit_card,2023-05-02 23:40:19,2023-05-17 03:28:47
356,181,1,2025-01-31 20:00:42,pending,51.32,181,181,online,cash,2025-01-31 20:00:42,2025-02-17 03:03:29
357,175,9,2024-07-07 22:51:37,pending,157.60,175,175,store,gift_card,2024-07-07 22:51:37,2024-07-22 03:20:11
358,86,8,2025-06-21 00:54:06,delivered,63.77,86,86,store,paypal,2025-06-21 00:54:06,2025-06-26 23:46:12
359,241,4,2024-02-13 05:56:21,cancelled,152.17,357,135,store,credit_card,2024-02-13 05:56:21,2024-02-14 01:25:38
360,114,1,2025-06-08 12:50:32,delivered,33.16,204,204,online,credit_card,2025-06-08 12:50:32,2025-06-15 03:06:19
361,8,7,2023-04-25 02:20:23,paid,20.48,8,8,store,credit_card,2023-04-25 02:20:23,2023-05-22 10:53:46
362,6,1,2023-06-08 12:20:34,cancelled,908.34,143,143,online,cash,2023-06-08 12:20:34,2023-06-11 04:01:19
363,157,4,2024-08-12 05:56:56,delivered,30.95,157,157,store,credit_card,2024-08-12 05:56:56,2024-09-04 06:35:20
364,148,1,2024-03-13 11:17:35,pending,49.58,148,148,online,credit_card,2024-03-13 11:17:35,2024-04-02 10:34:04
365,162,8,2025-08-17 23:41:14,delivered,1348.93,162,162,store,paypal,2025-08-17 23:41:14,2025-08-27 02:31:34
366,162,1,2023-11-11 07:36:15,paid,514.58,162,162,online,gift_card,2023-11-11 07:36:15,2023-11-19 18:26:22
367,143,1,2025-05-28 03:16:36,shipped,60.19,174,273,online,debit,2025-05-28 03:16:36,2025-06-23 20:44:24
368,138,3,2024-04-21 02:10:24,pending,752.08,138,138,store,credit_card,2024-04-21 02:10:24,2024-05-20 07:57:57
369,111,7,2024-12-29 19:43:22,delivered,279.27,111,111,store,credit_card,2024-12-29 19:43:22,2025-01-07 18:12:11
370,246,1,2024-06-24 07:23:33,delivered,1167.72,246,246,online,cash,2024-06-24 07:23:33,2024-07-09 04:37:21
371,94,1,2024-05-10 04:22:17,delivered,174.37,94,94,online,paypal,2024-05-10 04:22:17,2024-05-17 07:40:04
372,220,1,2025-03-31 11:26:30,confirmed,189.30,201,233,online,paypal,2025-03-31 11:26:30,2025-04-01 12:03:17
373,115,1,2023-03-20 14:27:12,delivered,101.23,115,115,online,other,2023-03-20 14:27:12,2023-03-20 18:22:41
374,191,8,2023-10-31 09:10:21,delivered,584.84,191,191,store,debit,2023-10-31 09:10:21,2023-11-15 05:16:18
375,192,7,2023-03-16 22:59:01,delivered,309.59,192,192,store,credit_card,2023-03-16 22:59:01,2023-03-20 08:48:40
376,127,8,2025-06-21 19:24:55,delivered,35.99,393,373,store,credit_card,2025-06-21 19:24:55,2025-06-22 15:26:52
377,66,1,2024-04-24 06:42:54,shipped,132.58,66,66,online,credit_card,2024-04-24 06:42:54,2024-05-20 08:26:02
378,231,1,2023-05-04 05:22:21,returned,405.24,5,231,online,credit_card,2023-05-04 05:22:21,2023-06-01 18:42:37
379,194,3,2024-03-12 23:08:48,delivered,294.09,194,342,store,debit,2024-03-12 23:08:48,2024-03-14 15:06:24
380,60,1,2023-08-30 05:47:33,delivered,1252.05,146,146,online,credit_card,2023-08-30 05:47:33,2023-09-08 17:58:30
381,105,1,2023-08-14 07:00:06,confirmed,25.05,105,105,online,credit_card,2023-08-14 07:00:06,2023-08-29 13:25:50
382,30,9,2023-11-14 13:36:26,delivered,59.65,30,30,store,credit_card,2023-11-14 13:36:26,2023-12-10 15:37:31
383,223,3,2025-06-18 15:24:41,delivered,297.51,223,223,store,cash,2025-06-18 15:24:41,2025-07-07 21:43:54
384,130,1,2023-05-13 02:14:24,delivered,921.98,19,19,online,credit_card,2023-05-13 02:14:24,2023-05-27 08:31:16
385,40,1,2025-01-09 09:23:34,delivered,366.33,40,40,online,credit_card,2025-01-09 09:23:34,2025-02-07 01:46:03
386,159,6,2024-06-16 15:46:51,delivered,1057.13,159,159,store,cash,2024-06-16 15:46:51,2024-07-05 13:07:38
387,42,5,2023-07-05 18:31:19,delivered,1021.32,42,42,store,credit_card,2023-07-05 18:31:19,2023-07-29 01:14:43
388,50,1,2023-11-13 07:56:49,paid,331.20,94,50,online,debit,2023-11-13 07:56:49,2023-11-18 18:17:40
389,97,1,2025-10-27 03:50:15,paid,944.02,97,97,online,debit,2025-10-27 03:50:15,2025-11-02 04:15:03
390,26,1,2023-10-14 03:21:25,paid,1129.47,26,26,online,other,2023-10-14 03:21:25,2023-10-20 17:18:52
391,220,1,2023-06-08 19:31:03,shipped,1018.19,219,219,online,credit_card,2023-06-08 19:31:03,2023-06-27 22:17:39
392,195,3,2024-03-05 09:42:41,confirmed,246.60,312,195,store,credit_card,2024-03-05 09:42:41,2024-03-31 18:03:42
393,70,5,2023-11-22 22:38:51,shipped,326.72,70,70,store,credit_card,2023-11-22 22:38:51,2023-12-12 01:02:40
394,25,1,2024-03-02 21:24:43,shipped,94.35,25,25,online,debit,2024-03-02 21:24:43,2024-03-31 21:27:02
395,57,1,2023-09-05 01:01:40,confirmed,1345.50,57,57,online,debit,2023-09-05 01:01:40,2023-09-19 20:35:21
396,79,1,2023-04-28 20:54:33,delivered,1409.90,79,79,online,credit_card,2023-04-28 20:54:33,2023-05-08 16:22:01
397,21,1,2024-03-31 05:47:15,delivered,27.01,21,21,online,debit,2024-03-31 05:47:15,2024-04-11 23:51:03
398,65,1,2025-04-14 18:33:35,returned,33.11,75,65,online,debit,2025-04-14 18:33:35,2025-05-06 17:55:36
399,140,1,2023-04-20 08:57:09,confirmed,252.01,140,224,online,debit,2023-04-20 08:57:09,2023-05-01 02:59:11
400,215,1,2024-01-21 18:24:27,shipped,650.55,215,215,online,paypal,2024-01-21 18:24:27,2024-02-19 22:13:47
401,161,7,2023-05-25 20:54:52,delivered,204.17,161,161,store,credit_card,2023-05-25 20:54:52,2023-06-23 01:59:18
402,215,5,2025-09-14 20:07:18,confirmed,101.69,215,391,store,credit_card,2025-09-14 20:07:18,2025-09-28 08:43:40
403,79,7,2025-11-12 22:34:51,shipped,112.89,79,79,store,cash,2025-11-12 22:34:51,2025-11-24 06:55:46
404,171,8,2024-07-12 01:39:07,paid,137.64,171,171,store,credit_card,2024-07-12 01:39:07,2024-08-02 11:16:20
405,124,6,2025-02-19 01:00:45,delivered,77.99,124,334,store,credit_card,2025-02-19 01:00:45,2025-02-21 06:01:36
406,107,1,2024-01-28 19:02:56,delivered,467.72,107,107,online,paypal,2024-01-28 19:02:56,2024-02-21 08:03:49
407,124,1,2024-08-17 14:53:13,returned,527.32,87,87,online,debit,2024-08-17 14:53:13,2024-09-04 04:02:33
408,72,1,2024-01-31 07:26:46,confirmed,517.91,72,72,online,credit_card,2024-01-31 07:26:46,2024-02-20 09:29:50
409,144,1,2025-09-04 01:15:03,delivered,266.58,144,144,online,credit_card,2025-09-04 01:15:03,2025-09-28 13:25:35
410,146,5,2023-11-02 19:02:22,returned,573.74,339,146,store,credit_card,2023-11-02 19:02:22,2023-11-22 01:55:31
411,142,7,2024-08-19 09:03:51,returned,192.89,142,72,store,other,2024-08-19 09:03:51,2024-08-27 07:15:14
412,210,8,2024-04-21 10:38:00,shipped,528.75,210,210,store,credit_card,2024-04-21 10:38:00,2024-04-25 19:51:58
413,249,8,2023-03-16 05:52:43,delivered,450.46,29,239,store,credit_card,2023-03-16 05:52:43,2023-04-08 12:45:54
414,161,6,2024-04-28 05:14:00,delivered,708.86,161,161,store,cash,2024-04-28 05:14:00,2024-05-11 09:03:12
415,21,1,2025-06-24 22:01:23,shipped,1270.90,21,21,online,debit,2025-06-24 22:01:23,2025-07-10 05:21:04
416,134,1,2023-04-15 22:17:42,paid,1321.32,134,134,online,credit_card,2023-04-15 22:17:42,2023-04-16 06:29:03
417,90,7,2025-06-07 06:15:54,delivered,226.48,90,90,store,paypal,2025-06-07 06:15:54,2025-06-22 23:05:55
418,212,1,2024-09-04 09:28:17,confirmed,295.18,212,212,online,credit_card,2024-09-04 09:28:17,2024-09-17 13:36:19
419,102,1,2024-10-21 13:27:44,shipped,283.75,102,102,online,debit,2024-10-21 13:27:44,2024-10-25 11:59:39
420,89,1,2024-09-24 00:15:55,delivered,30.47,89,89,online,paypal,2024-09-24 00:15:55,2024-10-15 12:43:41
421,165,3,2024-12-02 13:20:13,paid,1074.94,229,229,store,debit,2024-12-02 13:20:13,2024-12-18 09:26:40
422,148,1,2025-10-07 19:50:48,delivered,339.73,148,148,online,gift_card,2025-10-07 19:50:48,2025-10-26 13:35:51
423,83,6,2025-01-05 09:18:11,delivered,20.83,276,276,store,cash,2025-01-05 09:18:11,2025-01-29 06:03:28
424,40,1,2025-02-28 07:14:06,cancelled,596.42,40,40,online,paypal,2025-02-28 07:14:06,2025-03-23 02:43:41
425,8,5,2025-07-01 06:49:38,confirmed,194.44,8,8,store,gift_card,2025-07-01 06:49:38,2025-07-30 06:28:49
426,143,9,2025-01-22 13:44:33,shipped,74.32,143,143,store,other,2025-01-22 13:44:33,2025-01-25 06:11:47
427,200,1,2023-04-24 07:00:36,shipped,120.15,200,200,online,gift_card,2023-04-24 07:00:36,2023-05-19 05:50:40
428,82,7,2025-03-14 18:51:46,delivered,525.28,159,159,store,debit,2025-03-14 18:51:46,2025-03-15 09:20:23
429,102,1,2025-07-11 08:56:57,delivered,267.57,365,365,online,debit,2025-07-11 08:56:57,2025-07-31 19:54:40
430,152,6,2024-12-04 14:55:53,paid,217.59,321,152,store,credit_card,2024-12-04 14:55:53,2024-12-18 19:30:16
431,40,1,2023-09-18 02:04:17,shipped,937.80,221,221,online,credit_card,2023-09-18 02:04:17,2023-10-17 19:25:20
432,66,9,2024-11-15 06:57:22,delivered,878.94,66,364,store,credit_card,2024-11-15 06:57:22,2024-11-26 10:29:43
433,167,9,2025-10-14 07:33:53,shipped,1128.22,354,354,store,debit,2025-10-14 07:33:53,2025-11-13 02:53:28
434,118,7,2025-05-21 04:17:22,delivered,1169.53,118,118,store,credit_card,2025-05-21 04:17:22,2025-06-19 06:10:01
435,65,1,2023-09-16 23:31:03,delivered,193.01,65,65,online,paypal,2023-09-16 23:31:03,2023-09-28 13:34:34
436,175,3,2025-03-18 16:49:38,paid,162.06,175,175,store,paypal,2025-03-18 16:49:38,2025-03-22 16:12:20
437,69,8,2023-04-26 01:30:20,delivered,102.97,69,341,store,credit_card,2023-04-26 01:30:20,2023-05-07 05:07:19
438,93,8,2023-08-27 09:57:16,returned,455.55,93,93,store,gift_card,2023-08-27 09:57:16,2023-08-30 05:45:58
439,111,4,2025-04-08 23:57:44,delivered,86.70,136,136,store,credit_card,2025-04-08 23:57:44,2025-04-20 03:52:11
440,185,2,2024-11-09 10:47:22,returned,1340.68,185,185,store,credit_card,2024-11-09 10:47:22,2024-11-19 05:57:45
441,146,1,2024-01-21 20:33:20,delivered,1400.53,146,146,online,debit,2024-01-21 20:33:20,2024-02-13 05:00:59
442,84,1,2025-04-10 00:54:31,paid,219.53,84,84,online,gift_card,2025-04-10 00:54:31,2025-04-17 09:07:23
443,39,1,2025-08-09 21:15:57,delivered,52.25,384,384,online,credit_card,2025-08-09 21:15:57,2025-08-12 18:25:33
444,54,1,2023-01-14 04:33:42,paid,1010.35,192,192,online,other,2023-01-14 04:33:42,2023-01-14 10:15:52
445,133,2,2024-09-09 03:52:35,delivered,61.48,133,154,store,debit,2024-09-09 03:52:35,2024-09-13 05:12:17
446,138,1,2023-10-21 20:37:01,delivered,82.13,132,132,online,other,2023-10-21 20:37:01,2023-11-07 00:41:12
447,163,1,2025-07-29 21:02:37,cancelled,687.52,163,163,online,credit_card,2025-07-29 21:02:37,2025-07-29 21:51:26
448,79,1,2025-06-05 05:49:58,shipped,79.23,176,176,online,credit_card,2025-06-05 05:49:58,2025-07-01 14:07:13
449,178,1,2024-06-01 01:50:55,delivered,31.12,336,336,online,credit_card,2024-06-01 01:50:55,2024-06-08 11:48:38
450,149,6,2023-03-11 22:11:13,shipped,871.25,149,149,store,gift_card,2023-03-11 22:11:13,2023-04-09 15:11:40
451,207,2,2024-02-11 11:35:21,delivered,382.86,207,207,store,cash,2024-02-11 11:35:21,2024-03-07 16:57:59
452,109,1,2024-10-18 15:05:58,shipped,608.80,37,37,online,other,2024-10-18 15:05:58,2024-10-20 10:53:41
453,240,1,2024-05-20 19:31:30,confirmed,84.67,383,383,online,gift_card,2024-05-20 19:31:30,2024-05-28 12:13:24
454,156,1,2025-02-07 18:07:55,returned,251.19,156,156,online,paypal,2025-02-07 18:07:55,2025-02-13 16:42:39
455,70,6,2025-05-22 00:46:34,confirmed,1169.10,70,70,store,credit_card,2025-05-22 00:46:34,2025-06-10 11:42:25
456,104,2,2024-04-19 02:20:13,delivered,147.06,104,104,store,credit_card,2024-04-19 02:20:13,2024-05-12 18:43:11
457,140,1,2023-07-24 15:56:05,delivered,1239.62,140,140,online,credit_card,2023-07-24 15:56:05,2023-08-04 02:54:25
458,156,1,2025-11-23 19:33:17,confirmed,25.12,156,156,online,credit_card,2025-11-23 19:33:17,2025-11-23 21:51:59
459,160,1,2024-07-10 14:23:47,delivered,137.57,160,279,online,credit_card,2024-07-10 14:23:47,2024-08-02 20:30:02
460,36,8,2024-02-27 17:52:20,delivered,146.37,36,36,store,gift_card,2024-02-27 17:52:20,2024-03-05 07:10:49
461,142,1,2023-10-13 01:38:24,paid,45.83,142,35,online,other,2023-10-13 01:38:24,2023-10-26 12:40:06
462,111,1,2024-04-15 02:50:22,shipped,106.91,111,111,online,credit_card,2024-04-15 02:50:22,2024-05-06 01:14:09
463,156,1,2023-08-11 15:58:24,pending,200.59,47,47,online,credit_card,2023-08-11 15:58:24,2023-08-17 12:36:14
464,232,8,2025-05-16 18:15:49,delivered,243.63,166,166,store,paypal,2025-05-16 18:15:49,2025-06-12 01:37:16
465,211,5,2023-08-10 16:34:48,shipped,831.93,211,211,store,credit_card,2023-08-10 16:34:48,2023-08-13 17:26:19
466,94,1,2023-04-13 20:47:28,paid,144.39,94,94,online,credit_card,2023-04-13 20:47:28,2023-04-24 23:30:44
467,104,1,2023-10-20 17:05:08,pending,402.59,150,150,online,credit_card,2023-10-20 17:05:08,2023-11-15 16:35:37
468,26,9,2023-07-08 06:55:04,delivered,1167.08,26,26,store,credit_card,2023-07-08 06:55:04,2023-07-29 18:43:57
469,162,1,2023-08-20 09:59:49,shipped,1115.49,162,162,online,gift_card,2023-08-20 09:59:49,2023-09-14 11:38:54
470,180,1,2024-07-04 14:29:48,returned,194.39,180,180,online,paypal,2024-07-04 14:29:48,2024-07-20 13:13:11
471,23,1,2023-07-26 18:30:17,delivered,36.66,23,23,online,credit_card,2023-07-26 18:30:17,2023-08-03 01:43:49
472,158,1,2025-06-13 16:22:15,confirmed,45.68,158,158,online,cash,2025-06-13 16:22:15,2025-06-15 08:41:04
473,70,1,2025-03-17 07:53:27,cancelled,66.47,14,14,online,credit_card,2025-03-17 07:53:27,2025-03-23 12:12:48
474,28,2,2025-05-29 13:18:15,cancelled,673.98,28,293,store,credit_card,2025-05-29 13:18:15,2025-06-04 17:32:59
475,77,1,2024-05-17 18:06:01,delivered,20.17,77,77,online,paypal,2024-05-17 18:06:01,2024-05-26 11:40:13
476,247,1,2025-09-24 22:19:00,delivered,417.46,247,125,online,credit_card,2025-09-24 22:19:00,2025-10-12 00:45:48
477,130,1,2024-12-10 10:54:30,delivered,1403.63,130,130,online,credit_card,2024-12-10 10:54:30,2024-12-29 08:45:37
478,95,1,2023-05-27 08:18:32,confirmed,147.31,95,95,online,cash,2023-05-27 08:18:32,2023-05-28 13:14:29
479,70,9,2024-01-25 09:05:25,confirmed,1066.49,70,70,store,credit_card,2024-01-25 09:05:25,2024-02-15 22:09:02
480,90,1,2024-12-02 15:46:37,delivered,915.78,90,90,online,cash,2024-12-02 15:46:37,2024-12-08 06:20:28
481,136,1,2025-08-02 10:04:33,shipped,751.02,53,53,online,cash,2025-08-02 10:04:33,2025-08-09 10:51:18
482,135,5,2025-05-27 18:49:13,pending,607.88,135,135,store,credit_card,2025-05-27 18:49:13,2025-06-03 16:35:54
483,21,5,2025-07-20 02:35:46,cancelled,65.85,21,21,store,paypal,2025-07-20 02:35:46,2025-07-27 12:41:06
484,242,9,2025-09-05 06:17:44,confirmed,21.89,242,242,store,paypal,2025-09-05 06:17:44,2025-09-22 16:02:37
485,112,1,2025-03-21 03:12:37,delivered,396.31,112,112,online,cash,2025-03-21 03:12:37,2025-03-25 21:25:36
486,97,8,2023-01-14 12:55:13,confirmed,44.58,160,160,store,paypal,2023-01-14 12:55:13,2023-02-09 02:52:51
487,73,1,2025-09-08 12:12:21,delivered,653.64,73,343,online,cash,2025-09-08 12:12:21,2025-09-25 06:03:33
488,79,7,2025-02-16 06:36:43,pending,329.85,79,79,store,credit_card,2025-02-16 06:36:43,2025-03-13 10:13:04
489,129,1,2025-11-21 02:20:44,pending,56.75,129,129,online,credit_card,2025-11-21 02:20:44,2025-12-03 21:25:58
490,53,1,2025-05-25 02:31:57,delivered,559.29,53,53,online,credit_card,2025-05-25 02:31:57,2025-06-18 08:58:59
491,24,1,2023-08-07 00:20:39,shipped,562.57,24,197,online,credit_card,2023-08-07 00:20:39,2023-08-21 08:56:09
492,79,1,2023-05-12 09:40:52,shipped,504.35,79,79,online,paypal,2023-05-12 09:40:52,2023-05-27 01:25:31
493,13,1,2024-12-14 01:41:35,delivered,914.69,13,13,online,debit,2024-12-14 01:41:35,2024-12-17 04:44:47
494,4,2,2023-08-25 15:40:53,delivered,1333.49,4,4,store,credit_card,2023-08-25 15:40:53,2023-09-06 18:14:37
495,139,1,2024-12-10 13:18:56,shipped,33.00,323,323,online,credit_card,2024-12-10 13:18:56,2024-12-11 22:28:33
496,64,6,2023-12-29 01:58:08,paid,20.84,1,1,store,credit_card,2023-12-29 01:58:08,2024-01-08 04:58:36
497,78,8,2023-02-16 09:20:47,cancelled,225.97,78,78,store,credit_card,2023-02-16 09:20:47,2023-02-16 11:21:46
498,143,1,2025-06-15 08:57:40,cancelled,489.46,281,36,online,credit_card,2025-06-15 08:57:40,2025-07-01 06:42:30
499,221,2,2023-11-30 04:45:53,delivered,1249.99,221,221,store,credit_card,2023-11-30 04:45:53,2023-12-09 18:10:18
500,142,8,2024-04-16 09:29:07,delivered,789.88,142,142,store,debit,2024-04-16 09:29:07,2024-04-20 12:42:20
501,238,1,2023-09-30 22:39:47,delivered,265.96,238,87,online,debit,2023-09-30 22:39:47,2023-10-04 07:13:03
502,179,2,2024-04-04 04:18:40,delivered,455.00,179,179,store,credit_card,2024-04-04 04:18:40,2024-04-13 07:03:28
503,88,4,2023-07-12 01:43:32,returned,1359.00,88,88,store,cash,2023-07-12 01:43:32,2023-08-10 05:34:27
504,216,8,2024-12-04 10:04:04,shipped,875.21,259,259,store,credit_card,2024-12-04 10:04:04,2025-01-01 16:35:39
505,8,3,2024-08-22 02:27:35,pending,716.37,8,8,store,credit_card,2024-08-22 02:27:35,2024-09-12 16:28:01
506,146,1,2024-02-28 16:00:55,shipped,132.56,146,146,online,debit,2024-02-28 16:00:55,2024-02-29 23:10:36
507,197,1,2024-04-21 13:58:56,paid,446.80,183,183,online,credit_card,2024-04-21 13:58:56,2024-05-20 09:41:33
508,37,2,2025-06-08 22:55:05,delivered,83.61,188,248,store,credit_card,2025-06-08 22:55:05,2025-07-06 05:42:50
509,209,6,2023-12-27 12:31:59,delivered,220.72,209,209,store,credit_card,2023-12-27 12:31:59,2024-01-14 00:10:39
510,92,7,2023-12-16 12:03:30,delivered,1320.24,92,92,store,credit_card,2023-12-16 12:03:30,2023-12-29 00:15:17
511,184,7,2023-05-07 22:57:28,shipped,326.88,316,316,store,debit,2023-05-07 22:57:28,2023-05-26 08:07:32
512,101,8,2023-05-11 00:29:58,shipped,934.66,101,101,store,credit_card,2023-05-11 00:29:58,2023-06-02 23:22:35
513,169,1,2024-01-17 19:58:57,delivered,792.38,169,169,online,credit_card,2024-01-17 19:58:57,2024-01-21 10:04:49
514,180,1,2025-07-28 06:33:02,delivered,99.22,180,180,online,credit_card,2025-07-28 06:33:02,2025-08-11 02:36:19
515,223,1,2025-01-03 11:09:12,shipped,611.60,279,279,online,debit,2025-01-03 11:09:12,2025-01-21 01:13:27
516,57,1,2024-04-24 04:47:30,delivered,128.41,57,57,online,debit,2024-04-24 04:47:30,2024-05-21 16:51:38
517,202,1,2023-03-29 07:13:53,shipped,1330.00,202,202,online,other,2023-03-29 07:13:53,2023-04-15 04:54:57
518,54,2,2025-01-16 00:25:21,delivered,76.94,54,54,store,debit,2025-01-16 00:25:21,2025-01-21 01:15:33
519,229,1,2025-11-24 10:01:45,cancelled,787.48,279,279,online,credit_card,2025-11-24 10:01:45,2025-12-05 20:59:43
520,118,6,2023-06-06 07:22:48,shipped,23.26,118,118,store,gift_card,2023-06-06 07:22:48,2023-07-04 00:48:26
521,98,1,2024-03-21 13:35:05,delivered,1393.07,98,98,online,cash,2024-03-21 13:35:05,2024-03-31 23:49:39
522,114,8,2024-06-13 14:57:45,pending,405.17,114,114,store,credit_card,2024-06-13 14:57:45,2024-06-14 19:12:30
523,19,3,2025-08-16 23:32:39,delivered,645.83,183,19,store,gift_card,2025-08-16 23:32:39,2025-08-28 22:33:43
524,95,3,2023-01-28 15:53:04,returned,593.79,95,95,store,credit_card,2023-01-28 15:53:04,2023-01-30 03:04:16
525,12,1,2023-12-20 18:18:42,shipped,22.85,12,12,online,debit,2023-12-20 18:18:42,2023-12-29 18:59:33
526,77,1,2024-08-17 00:37:29,returned,343.68,77,77,online,cash,2024-08-17 00:37:29,2024-09-09 20:10:30
527,53,7,2025-09-26 23:33:06,returned,32.53,53,53,store,debit,2025-09-26 23:33:06,2025-10-07 05:21:54
528,235,1,2023-01-15 16:10:42,delivered,28.43,235,235,online,debit,2023-01-15 16:10:42,2023-01-19 22:33:37
529,87,7,2024-10-11 11:04:35,paid,30.07,87,87,store,debit,2024-10-11 11:04:35,2024-10-28 09:06:42
530,91,1,2023-02-20 04:05:27,delivered,386.79,91,91,online,credit_card,2023-02-20 04:05:27,2023-03-06 06:45:39
531,26,1,2024-02-04 04:01:50,confirmed,326.89,26,55,online,debit,2024-02-04 04:01:50,2024-02-12 13:18:31
532,125,1,2024-01-21 07:23:58,pending,1328.40,125,302,online,credit_card,2024-01-21 07:23:58,2024-02-13 10:00:03
533,96,7,2023-07-18 16:18:01,returned,47.11,96,96,store,cash,2023-07-18 16:18:01,2023-08-01 14:29:49
534,25,9,2025-04-12 15:09:17,paid,919.33,25,25,store,debit,2025-04-12 15:09:17,2025-04-19 13:58:09
535,115,1,2023-02-13 01:58:26,delivered,1176.95,115,115,online,debit,2023-02-13 01:58:26,2023-02-13 09:19:44
536,240,2,2025-05-13 19:57:48,returned,727.54,240,240,store,debit,2025-05-13 19:57:48,2025-06-06 13:10:52
537,26,1,2024-01-23 19:14:39,paid,230.11,26,26,online,credit_card,2024-01-23 19:14:39,2024-01-27 11:18:01
538,173,8,2024-07-06 04:15:07,delivered,338.05,173,164,store,cash,2024-07-06 04:15:07,2024-07-31 03:06:51
539,46,1,2024-05-02 13:30:59,shipped,229.52,46,46,online,other,2024-05-02 13:30:59,2024-05-12 13:51:52
540,242,1,2024-09-02 18:16:39,delivered,495.22,242,242,online,credit_card,2024-09-02 18:16:39,2024-09-23 00:09:26
541,144,1,2023-06-12 18:17:31,shipped,631.26,144,323,online,cash,2023-06-12 18:17:31,2023-06-19 07:40:26
542,133,1,2023-11-14 11:17:17,delivered,1106.66,163,163,online,other,2023-11-14 11:17:17,2023-12-13 15:45:10
543,117,8,2024-08-26 23:17:40,delivered,23.64,117,117,store,credit_card,2024-08-26 23:17:40,2024-08-27 02:15:36
544,31,4,2023-08-02 09:53:56,delivered,489.59,31,31,store,credit_card,2023-08-02 09:53:56,2023-08-27 18:56:46
545,195,1,2025-06-08 02:02:16,delivered,1410.52,369,369,online,other,2025-06-08 02:02:16,2025-06-28 12:25:06
546,32,5,2024-10-09 08:48:24,delivered,255.42,32,32,store,cash,2024-10-09 08:48:24,2024-10-14 16:16:42
547,227,1,2024-06-18 20:30:10,paid,737.78,227,26,online,paypal,2024-06-18 20:30:10,2024-07-09 17:30:01
548,178,2,2023-01-08 05:12:42,shipped,111.66,178,178,store,paypal,2023-01-08 05:12:42,2023-01-12 19:10:50
549,46,1,2025-03-02 11:25:09,delivered,213.35,46,46,online,credit_card,2025-03-02 11:25:09,2025-03-06 18:05:30
550,171,5,2024-08-23 12:03:36,paid,294.82,43,43,store,cash,2024-08-23 12:03:36,2024-09-14 19:56:26
551,249,7,2024-12-03 08:09:54,delivered,95.26,249,74,store,credit_card,2024-12-03 08:09:54,2024-12-07 11:15:27
552,56,1,2024-12-05 02:55:49,delivered,542.61,85,85,online,debit,2024-12-05 02:55:49,2024-12-22 07:35:19
553,113,1,2023-09-27 18:20:05,confirmed,198.81,113,113,online,debit,2023-09-27 18:20:05,2023-09-28 06:56:54
554,72,1,2023-06-23 11:17:22,delivered,1488.16,20,20,online,credit_card,2023-06-23 11:17:22,2023-07-03 17:59:29
555,72,1,2024-03-10 15:35:15,paid,649.35,72,72,online,cash,2024-03-10 15:35:15,2024-03-23 11:23:13
556,226,1,2024-11-12 12:00:39,confirmed,44.46,226,226,online,cash,2024-11-12 12:00:39,2024-11-26 04:11:56
557,204,1,2025-05-16 23:18:52,paid,20.18,204,204,online,credit_card,2025-05-16 23:18:52,2025-06-13 04:22:01
558,73,1,2023-12-03 01:39:42,delivered,20.05,280,280,online,debit,2023-12-03 01:39:42,2023-12-23 21:14:15
559,85,7,2023-05-07 22:11:51,returned,230.81,149,149,store,debit,2023-05-07 22:11:51,2023-05-08 15:03:11
560,14,6,2025-08-09 14:43:54,delivered,516.41,14,14,store,debit,2025-08-09 14:43:54,2025-09-05 08:09:24
561,229,1,2023-08-16 13:48:40,delivered,825.64,229,229,online,credit_card,2023-08-16 13:48:40,2023-08-31 01:18:13
562,53,1,2023-10-25 17:49:34,cancelled,30.10,53,53,online,cash,2023-10-25 17:49:34,2023-11-24 11:47:44
563,27,3,2025-04-23 17:56:00,shipped,118.72,27,27,store,credit_card,2025-04-23 17:56:00,2025-04-27 07:34:54
564,153,9,2023-08-07 16:28:48,delivered,21.79,153,153,store,credit_card,2023-08-07 16:28:48,2023-08-26 10:45:02
565,70,1,2023-01-05 12:54:17,delivered,841.16,70,70,online,credit_card,2023-01-05 12:54:17,2023-01-27 00:22:57
566,43,1,2024-04-14 21:47:29,paid,87.14,43,43,online,debit,2024-04-14 21:47:29,2024-04-27 13:31:27
567,39,6,2025-02-28 11:08:33,confirmed,347.28,39,39,store,debit,2025-02-28 11:08:33,2025-03-03 11:52:13
568,53,1,2023-12-17 17:46:54,shipped,367.92,53,53,online,credit_card,2023-12-17 17:46:54,2024-01-11 23:22:30
569,244,1,2025-07-05 02:57:41,paid,729.56,244,244,online,credit_card,2025-07-05 02:57:41,2025-07-05 04:45:55
570,6,1,2023-03-25 03:23:49,shipped,1237.86,6,6,online,credit_card,2023-03-25 03:23:49,2023-04-13 07:53:04
571,52,1,2025-10-05 04:20:48,shipped,119.45,124,203,online,credit_card,2025-10-05 04:20:48,2025-10-15 13:08:28
572,33,1,2024-05-23 22:22:02,paid,273.21,33,33,online,credit_card,2024-05-23 22:22:02,2024-06-19 20:04:29
573,60,1,2024-10-22 01:52:14,delivered,160.08,288,288,online,debit,2024-10-22 01:52:14,2024-11-09 11:14:51
574,146,1,2025-06-21 00:05:44,cancelled,1337.54,146,146,online,debit,2025-06-21 00:05:44,2025-06-26 14:55:03
575,239,8,2023-04-13 19:57:35,pending,164.25,239,239,store,credit_card,2023-04-13 19:57:35,2023-04-16 02:42:04
576,88,1,2023-04-03 07:16:12,paid,588.71,88,88,online,paypal,2023-04-03 07:16:12,2023-04-03 15:25:34
577,131,1,2024-08-30 09:50:20,delivered,21.60,131,131,online,credit_card,2024-08-30 09:50:20,2024-09-09 11:53:15
578,143,1,2025-07-20 11:28:11,shipped,580.91,143,143,online,gift_card,2025-07-20 11:28:11,2025-08-11 22:04:32
579,69,7,2025-10-06 04:28:03,paid,56.17,75,75,store,debit,2025-10-06 04:28:03,2025-10-23 11:29:40
580,143,1,2024-04-05 21:24:54,delivered,49.06,143,143,online,debit,2024-04-05 21:24:54,2024-04-09 20:56:24
581,55,1,2025-11-13 10:17:35,confirmed,1382.92,55,55,online,paypal,2025-11-13 10:17:35,2025-11-30 21:55:03
582,69,1,2025-07-23 18:44:43,shipped,870.82,69,69,online,credit_card,2025-07-23 18:44:43,2025-08-01 03:58:04
583,240,8,2024-08-21 05:37:13,delivered,743.68,240,240,store,credit_card,2024-08-21 05:37:13,2024-09-16 07:57:19
584,76,1,2023-07-29 20:12:55,delivered,21.21,76,76,online,paypal,2023-07-29 20:12:55,2023-08-21 22:56:32
585,136,1,2025-04-04 23:43:25,shipped,457.90,165,165,online,debit,2025-04-04 23:43:25,2025-04-23 14:34:47
586,175,2,2024-04-09 06:44:06,paid,872.54,233,233,store,credit_card,2024-04-09 06:44:06,2024-04-19 04:33:07
587,126,8,2024-03-07 21:37:57,delivered,27.41,126,169,store,credit_card,2024-03-07 21:37:57,2024-03-31 06:54:24
588,135,1,2023-12-17 13:40:22,paid,142.20,135,135,online,credit_card,2023-12-17 13:40:22,2024-01-07 11:43:46
589,32,8,2024-04-27 10:05:38,cancelled,168.79,32,32,store,credit_card,2024-04-27 10:05:38,2024-05-18 23:53:34
590,103,1,2023-12-07 21:05:00,shipped,20.39,103,11,online,credit_card,2023-12-07 21:05:00,2023-12-15 14:39:57
591,211,4,2025-05-20 22:20:25,shipped,1459.93,221,221,store,debit,2025-05-20 22:20:25,2025-06-12 20:00:05
592,136,1,2025-05-13 00:42:34,delivered,90.71,136,136,online,debit,2025-05-13 00:42:34,2025-05-31 10:18:23
593,200,1,2023-02-08 15:33:15,delivered,1273.14,200,200,online,credit_card,2023-02-08 15:33:15,2023-03-07 19:02:14
594,176,1,2025-05-08 02:34:14,delivered,588.84,22,22,online,credit_card,2025-05-08 02:34:14,2025-05-08 18:25:36
595,187,1,2025-05-01 22:50:11,delivered,142.23,187,187,online,debit,2025-05-01 22:50:11,2025-05-31 17:35:08
596,155,6,2025-11-13 09:10:46,returned,48.97,155,155,store,paypal,2025-11-13 09:10:46,2025-12-08 00:12:33
597,95,1,2025-08-26 04:11:10,delivered,942.94,95,95,online,other,2025-08-26 04:11:10,2025-08-31 06:33:27
598,57,3,2024-10-22 21:40:41,delivered,527.68,171,171,store,credit_card,2024-10-22 21:40:41,2024-11-15 19:51:03
599,134,1,2024-08-24 14:48:30,delivered,218.86,134,126,online,credit_card,2024-08-24 14:48:30,2024-08-31 12:46:59
600,20,1,2024-09-15 13:19:18,confirmed,365.58,20,20,online,credit_card,2024-09-15 13:19:18,2024-09-29 12:12:04
601,110,4,2024-03-22 04:15:31,cancelled,716.80,110,110,store,cash,2024-03-22 04:15:31,2024-04-14 06:42:37
602,27,1,2023-06-28 05:48:57,delivered,755.98,27,27,online,debit,2023-06-28 05:48:57,2023-07-07 08:15:54
603,7,8,2025-10-03 16:12:58,shipped,805.41,354,354,store,credit_card,2025-10-03 16:12:58,2025-10-19 17:06:44
604,102,1,2023-09-30 14:46:02,confirmed,166.65,102,102,online,other,2023-09-30 14:46:02,2023-10-18 03:44:43
605,224,5,2025-11-04 22:45:08,shipped,700.33,224,243,store,credit_card,2025-11-04 22:45:08,2025-11-12 13:31:50
606,194,1,2025-11-19 09:20:26,cancelled,122.30,194,376,online,credit_card,2025-11-19 09:20:26,2025-12-05 11:10:16
607,159,3,2023-07-10 05:06:14,delivered,270.41,164,164,store,credit_card,2023-07-10 05:06:14,2023-07-15 18:03:21
608,174,1,2025-08-24 03:57:00,delivered,118.06,305,283,online,credit_card,2025-08-24 03:57:00,2025-09-08 04:50:24
609,110,1,2023-12-30 07:41:31,delivered,252.71,110,110,online,credit_card,2023-12-30 07:41:31,2024-01-01 06:08:23
610,75,1,2023-09-26 02:31:37,shipped,1443.31,75,75,online,cash,2023-09-26 02:31:37,2023-10-13 17:05:32
611,22,1,2024-06-26 06:47:16,pending,74.64,22,22,online,gift_card,2024-06-26 06:47:16,2024-07-23 01:40:32
612,85,5,2024-08-02 21:19:51,shipped,45.39,85,11,store,credit_card,2024-08-02 21:19:51,2024-08-13 19:18:09
613,122,1,2025-02-01 07:42:24,confirmed,275.74,122,247,online,paypal,2025-02-01 07:42:24,2025-02-16 02:18:42
614,62,1,2025-06-04 23:59:10,delivered,20.67,62,62,online,debit,2025-06-04 23:59:10,2025-06-29 06:23:01
615,108,1,2023-05-19 06:02:11,delivered,51.69,108,108,online,credit_card,2023-05-19 06:02:11,2023-06-11 16:54:45
616,82,1,2023-01-11 16:06:42,delivered,21.28,82,48,online,credit_card,2023-01-11 16:06:42,2023-01-21 18:20:02
617,110,1,2025-05-14 10:39:40,paid,33.68,54,54,online,credit_card,2025-05-14 10:39:40,2025-05-24 20:21:46
618,29,1,2025-09-20 12:22:21,delivered,1099.52,29,29,online,debit,2025-09-20 12:22:21,2025-10-06 15:37:13
619,115,1,2023-08-27 02:07:49,delivered,27.78,348,348,online,paypal,2023-08-27 02:07:49,2023-09-23 21:41:51
620,144,1,2024-05-30 15:09:14,paid,317.14,189,189,online,credit_card,2024-05-30 15:09:14,2024-06-26 11:53:06
621,3,1,2023-05-08 06:50:40,delivered,31.59,3,3,online,credit_card,2023-05-08 06:50:40,2023-05-30 11:52:43
622,2,1,2024-11-11 09:18:59,delivered,1077.08,2,28,online,credit_card,2024-11-11 09:18:59,2024-11-30 21:15:08
623,29,1,2024-06-05 01:30:30,paid,1319.49,191,191,online,paypal,2024-06-05 01:30:30,2024-06-06 13:52:48
624,240,1,2025-01-07 23:48:12,delivered,1318.88,240,240,online,credit_card,2025-01-07 23:48:12,2025-02-04 20:19:25
625,161,1,2023-10-22 04:52:21,shipped,1199.71,161,161,online,cash,2023-10-22 04:52:21,2023-10-27 17:48:39
626,76,1,2025-08-19 17:13:21,delivered,1378.59,76,148,online,gift_card,2025-08-19 17:13:21,2025-08-29 23:50:52
627,133,5,2023-10-29 03:58:30,shipped,1023.56,133,133,store,credit_card,2023-10-29 03:58:30,2023-11-24 09:38:22
628,169,1,2023-01-27 05:41:27,paid,1064.16,169,169,online,credit_card,2023-01-27 05:41:27,2023-02-03 21:57:24
629,134,1,2023-01-23 05:20:05,cancelled,547.48,134,134,online,paypal,2023-01-23 05:20:05,2023-02-01 17:50:06
630,230,3,2024-02-17 18:51:28,delivered,51.00,230,230,store,credit_card,2024-02-17 18:51:28,2024-02-22 18:18:42
631,215,3,2025-03-08 18:14:06,delivered,20.68,84,84,store,credit_card,2025-03-08 18:14:06,2025-04-07 06:27:10
632,83,8,2024-07-18 02:25:06,shipped,434.74,112,112,store,cash,2024-07-18 02:25:06,2024-08-05 18:13:46
633,100,9,2025-06-02 07:06:44,paid,854.92,100,100,store,credit_card,2025-06-02 07:06:44,2025-06-05 03:19:07
634,138,1,2024-06-03 11:38:34,shipped,1314.37,138,66,online,debit,2024-06-03 11:38:34,2024-06-20 21:55:41
635,18,3,2024-03-21 10:02:23,delivered,123.18,18,18,store,cash,2024-03-21 10:02:23,2024-03-30 18:58:24
636,218,1,2023-11-29 04:07:40,delivered,897.96,218,218,online,paypal,2023-11-29 04:07:40,2023-12-03 09:31:46
637,79,1,2024-06-12 14:23:56,pending,71.63,79,79,online,debit,2024-06-12 14:23:56,2024-07-07 08:25:40
638,222,1,2023-07-09 04:23:50,cancelled,293.88,222,222,online,debit,2023-07-09 04:23:50,2023-07-16 15:49:39
639,106,1,2023-06-30 22:23:39,delivered,1019.07,106,106,online,paypal,2023-06-30 22:23:39,2023-07-14 21:17:30
640,167,3,2024-11-05 16:45:07,shipped,812.54,167,167,store,debit,2024-11-05 16:45:07,2024-11-23 06:09:51
641,20,1,2023-02-11 00:09:49,delivered,107.27,311,20,online,credit_card,2023-02-11 00:09:49,2023-02-23 08:53:22
642,13,8,2023-04-13 15:47:40,delivered,936.73,13,13,store,credit_card,2023-04-13 15:47:40,2023-05-05 00:26:11
643,155,1,2024-06-01 06:59:41,delivered,22.16,379,379,online,credit_card,2024-06-01 06:59:41,2024-06-02 04:18:56
644,106,8,2024-11-17 05:23:28,paid,40.01,106,106,store,credit_card,2024-11-17 05:23:28,2024-11-27 22:45:15
645,120,5,2025-02-01 13:34:12,delivered,1154.07,120,120,store,credit_card,2025-02-01 13:34:12,2025-02-13 16:06:42
646,205,1,2023-10-26 18:13:03,confirmed,695.26,205,205,online,credit_card,2023-10-26 18:13:03,2023-11-08 22:22:39
647,100,1,2025-08-15 13:54:10,delivered,639.11,100,100,online,credit_card,2025-08-15 13:54:10,2025-08-27 10:06:17
648,246,4,2024-10-01 04:53:51,confirmed,480.23,246,246,store,credit_card,2024-10-01 04:53:51,2024-10-20 01:17:20
649,245,1,2025-05-17 16:52:17,delivered,78.28,245,245,online,cash,2025-05-17 16:52:17,2025-06-08 06:33:51
650,24,2,2023-09-12 08:40:50,delivered,30.98,326,326,store,debit,2023-09-12 08:40:50,2023-10-01 14:20:21
651,185,1,2024-03-04 23:53:12,paid,230.31,185,185,online,paypal,2024-03-04 23:53:12,2024-03-29 15:30:17
652,173,8,2025-04-14 03:10:38,delivered,1023.91,368,307,store,cash,2025-04-14 03:10:38,2025-05-06 18:05:34
653,216,1,2025-11-17 12:54:10,pending,194.77,210,210,online,credit_card,2025-11-17 12:54:10,2025-12-13 08:34:25
654,82,5,2023-11-28 03:53:01,delivered,64.63,176,82,store,credit_card,2023-11-28 03:53:01,2023-12-21 08:08:29
655,125,1,2023-06-12 07:06:21,delivered,283.44,125,125,online,debit,2023-06-12 07:06:21,2023-06-17 23:02:18
656,188,5,2025-05-14 02:45:03,delivered,108.17,188,188,store,cash,2025-05-14 02:45:03,2025-05-31 12:48:49
657,68,3,2023-02-18 10:36:00,delivered,20.01,68,68,store,gift_card,2023-02-18 10:36:00,2023-03-19 03:54:48
658,211,1,2024-11-03 08:11:43,delivered,86.51,211,211,online,paypal,2024-11-03 08:11:43,2024-11-15 08:48:40
659,63,1,2024-01-15 12:01:00,delivered,327.91,63,63,online,gift_card,2024-01-15 12:01:00,2024-01-26 00:31:40
660,155,1,2025-06-17 05:39:17,delivered,72.44,155,155,online,debit,2025-06-17 05:39:17,2025-07-08 09:11:28
661,128,1,2024-01-24 03:50:32,delivered,54.06,128,128,online,credit_card,2024-01-24 03:50:32,2024-02-18 10:58:15
662,74,1,2023-03-04 23:44:20,paid,321.62,74,74,online,paypal,2023-03-04 23:44:20,2023-03-16 23:46:43
663,249,2,2023-08-08 04:32:45,paid,1100.64,395,395,store,credit_card,2023-08-08 04:32:45,2023-08-13 21:39:15
664,163,1,2023-02-04 22:12:14,confirmed,20.02,163,163,online,debit,2023-02-04 22:12:14,2023-03-06 06:30:37
665,85,2,2025-03-17 01:26:31,pending,869.70,71,71,store,cash,2025-03-17 01:26:31,2025-04-09 20:43:46
666,52,3,2024-10-23 00:08:37,returned,612.95,52,52,store,gift_card,2024-10-23 00:08:37,2024-11-06 11:08:28
667,148,1,2023-02-24 18:02:32,delivered,810.79,142,142,online,credit_card,2023-02-24 18:02:32,2023-03-24 05:20:03
668,182,4,2024-12-04 08:39:53,shipped,531.07,182,182,store,debit,2024-12-04 08:39:53,2024-12-07 19:45:12
669,242,1,2025-06-17 02:19:08,delivered,225.45,81,81,online,debit,2025-06-17 02:19:08,2025-07-15 01:47:42
670,80,1,2024-04-23 23:34:52,shipped,399.33,80,80,online,credit_card,2024-04-23 23:34:52,2024-05-22 06:35:41
671,184,1,2023-04-03 07:32:57,paid,1475.02,226,184,online,credit_card,2023-04-03 07:32:57,2023-04-11 16:24:19
672,161,1,2025-08-12 12:44:52,delivered,281.01,161,161,online,credit_card,2025-08-12 12:44:52,2025-08-26 22:02:12
673,237,1,2023-01-24 14:53:30,delivered,1020.33,141,141,online,paypal,2023-01-24 14:53:30,2023-01-25 03:42:47
674,199,1,2025-09-28 01:23:41,delivered,297.28,290,290,online,credit_card,2025-09-28 01:23:41,2025-10-11 15:54:37
675,112,1,2023-06-19 18:36:41,delivered,40.86,112,112,online,debit,2023-06-19 18:36:41,2023-07-01 12:29:28
676,107,4,2023-02-25 11:52:41,delivered,756.76,107,107,store,debit,2023-02-25 11:52:41,2023-03-08 09:03:50
677,15,1,2024-12-21 07:14:58,shipped,547.44,15,15,online,credit_card,2024-12-21 07:14:58,2025-01-14 14:53:08
678,28,6,2025-02-22 14:53:56,shipped,658.05,395,395,store,credit_card,2025-02-22 14:53:56,2025-02-27 15:56:35
679,166,2,2024-09-19 10:33:28,delivered,61.82,166,166,store,cash,2024-09-19 10:33:28,2024-10-14 06:06:18
680,30,7,2024-07-15 21:09:52,delivered,1220.71,30,30,store,debit,2024-07-15 21:09:52,2024-08-01 10:33:46
681,39,7,2025-06-20 11:03:17,delivered,74.91,39,108,store,debit,2025-06-20 11:03:17,2025-07-08 18:36:51
682,209,1,2024-11-10 00:40:56,delivered,253.48,209,209,online,paypal,2024-11-10 00:40:56,2024-12-06 12:35:05
683,73,1,2025-06-13 14:11:34,pending,20.20,73,73,online,gift_card,2025-06-13 14:11:34,2025-07-13 13:28:57
684,52,1,2023-06-19 11:05:03,delivered,695.40,52,52,online,credit_card,2023-06-19 11:05:03,2023-07-18 02:05:23
685,11,1,2025-06-26 18:58:22,shipped,1383.22,11,11,online,gift_card,2025-06-26 18:58:22,2025-07-11 17:33:09
686,190,8,2025-05-04 05:53:25,delivered,148.72,367,308,store,cash,2025-05-04 05:53:25,2025-05-31 22:01:10
687,124,1,2024-08-11 17:33:44,pending,1259.61,124,124,online,cash,2024-08-11 17:33:44,2024-08-31 23:13:52
688,198,1,2025-11-10 19:59:31,delivered,69.82,198,198,online,credit_card,2025-11-10 19:59:31,2025-11-20 23:23:42
689,221,1,2024-08-29 19:21:02,delivered,996.45,137,137,online,cash,2024-08-29 19:21:02,2024-09-28 06:10:00
690,22,6,2023-10-27 02:21:17,paid,206.10,22,22,store,credit_card,2023-10-27 02:21:17,2023-11-04 19:14:45
691,80,1,2024-08-16 21:21:03,paid,1051.03,80,80,online,gift_card,2024-08-16 21:21:03,2024-08-29 10:02:34
692,13,1,2023-08-06 04:52:00,cancelled,256.82,141,141,online,credit_card,2023-08-06 04:52:00,2023-08-22 19:21:38
693,163,1,2024-12-04 22:13:33,paid,59.66,380,163,online,credit_card,2024-12-04 22:13:33,2024-12-19 02:18:49
694,198,4,2025-10-31 03:37:51,confirmed,78.05,198,198,store,credit_card,2025-10-31 03:37:51,2025-11-15 07:40:46
695,142,1,2024-01-13 18:39:24,paid,154.02,142,142,online,credit_card,2024-01-13 18:39:24,2024-01-17 09:40:06
696,128,6,2023-10-10 04:30:01,paid,677.55,128,128,store,debit,2023-10-10 04:30:01,2023-10-18 17:17:46
697,64,5,2023-07-02 17:15:18,delivered,64.34,64,64,store,credit_card,2023-07-02 17:15:18,2023-07-15 11:40:38
698,27,5,2024-03-27 03:01:19,delivered,1300.40,27,27,store,cash,2024-03-27 03:01:19,2024-04-15 21:36:28
699,101,1,2023-02-09 09:13:27,confirmed,1367.31,239,239,online,debit,2023-02-09 09:13:27,2023-02-28 12:37:46
700,72,1,2025-07-27 18:20:29,delivered,21.39,72,72,online,credit_card,2025-07-27 18:20:29,2025-08-01 23:28:14
701,134,1,2024-06-23 16:32:56,shipped,41.22,134,134,online,other,2024-06-23 16:32:56,2024-06-30 15:37:06
702,153,1,2023-06-18 21:21:19,shipped,524.77,153,153,online,credit_card,2023-06-18 21:21:19,2023-07-17 09:26:15
703,91,1,2025-06-10 09:24:12,shipped,160.88,106,106,online,credit_card,2025-06-10 09:24:12,2025-06-10 10:05:37
704,98,7,2024-12-13 03:46:25,delivered,1348.49,98,98,store,credit_card,2024-12-13 03:46:25,2024-12-18 10:13:48
705,33,1,2023-09-19 14:15:04,confirmed,1162.82,33,52,online,credit_card,2023-09-19 14:15:04,2023-09-24 20:29:31
706,192,1,2023-09-06 15:25:48,cancelled,243.14,192,192,online,credit_card,2023-09-06 15:25:48,2023-09-23 23:45:01
707,141,1,2023-07-09 21:02:05,shipped,640.81,141,141,online,paypal,2023-07-09 21:02:05,2023-07-10 03:56:19
708,174,1,2025-05-28 23:14:55,pending,93.11,174,174,online,credit_card,2025-05-28 23:14:55,2025-06-05 08:14:15
709,173,1,2025-04-17 16:47:19,delivered,368.56,173,173,online,paypal,2025-04-17 16:47:19,2025-05-09 18:57:03
710,213,1,2024-03-23 03:45:37,paid,1305.44,213,213,online,credit_card,2024-03-23 03:45:37,2024-04-17 11:38:27
711,200,4,2023-06-17 23:00:06,paid,708.98,110,200,store,other,2023-06-17 23:00:06,2023-06-28 18:25:40
712,69,1,2025-01-21 17:15:28,paid,707.70,69,371,online,credit_card,2025-01-21 17:15:28,2025-02-02 00:23:49
713,93,5,2023-08-13 13:28:38,paid,619.47,93,93,store,debit,2023-08-13 13:28:38,2023-08-13 20:52:22
714,76,1,2025-11-17 04:51:45,delivered,1493.60,76,76,online,debit,2025-11-17 04:51:45,2025-11-21 18:37:33
715,211,1,2023-11-10 04:58:41,delivered,178.61,211,128,online,debit,2023-11-10 04:58:41,2023-12-04 04:56:52
716,149,1,2024-03-07 03:39:28,paid,937.57,149,149,online,debit,2024-03-07 03:39:28,2024-04-06 03:07:41
717,42,1,2024-06-29 01:36:53,paid,597.00,42,42,online,credit_card,2024-06-29 01:36:53,2024-07-10 23:05:40
718,92,9,2023-05-29 18:43:03,shipped,226.00,361,361,store,credit_card,2023-05-29 18:43:03,2023-06-25 11:56:36
719,101,1,2024-10-15 21:49:58,delivered,772.54,101,101,online,gift_card,2024-10-15 21:49:58,2024-10-16 15:29:30
720,210,4,2024-04-17 07:25:53,delivered,605.98,210,210,store,paypal,2024-04-17 07:25:53,2024-05-04 14:53:52
721,167,2,2023-10-29 12:22:34,paid,604.14,167,167,store,paypal,2023-10-29 12:22:34,2023-11-16 08:41:31
722,248,7,2023-05-13 00:07:24,paid,869.19,248,248,store,paypal,2023-05-13 00:07:24,2023-06-11 22:23:36
723,155,1,2024-07-02 21:46:00,confirmed,88.87,171,155,online,other,2024-07-02 21:46:00,2024-07-09 13:58:26
724,7,1,2024-01-24 12:11:17,paid,751.89,7,7,online,credit_card,2024-01-24 12:11:17,2024-01-26 01:33:48
725,58,1,2024-02-20 10:42:34,delivered,1134.31,94,94,online,credit_card,2024-02-20 10:42:34,2024-03-02 04:35:10
726,72,1,2025-10-25 03:45:29,paid,23.53,72,72,online,gift_card,2025-10-25 03:45:29,2025-11-07 05:42:44
727,174,1,2025-06-26 00:34:52,shipped,533.49,174,174,online,credit_card,2025-06-26 00:34:52,2025-07-11 08:10:57
728,238,1,2023-05-03 09:13:02,delivered,1168.72,238,238,online,credit_card,2023-05-03 09:13:02,2023-05-09 05:04:12
729,211,5,2023-07-20 05:26:50,shipped,84.90,42,42,store,credit_card,2023-07-20 05:26:50,2023-07-20 16:52:13
730,31,1,2023-06-06 03:26:15,delivered,38.16,31,31,online,cash,2023-06-06 03:26:15,2023-06-25 04:15:30
731,52,1,2023-10-26 18:40:04,delivered,425.07,52,52,online,credit_card,2023-10-26 18:40:04,2023-11-02 13:43:09
732,207,1,2023-02-10 08:12:12,delivered,375.03,310,207,online,credit_card,2023-02-10 08:12:12,2023-02-16 15:14:53
733,128,5,2023-08-17 13:38:56,delivered,464.81,128,128,store,gift_card,2023-08-17 13:38:56,2023-08-20 16:50:57
734,6,2,2023-05-26 16:11:33,pending,42.39,6,6,store,credit_card,2023-05-26 16:11:33,2023-06-20 18:59:23
735,15,7,2023-11-25 05:12:34,delivered,443.16,15,15,store,paypal,2023-11-25 05:12:34,2023-12-10 22:24:49
736,112,4,2024-05-04 02:06:06,delivered,188.64,112,112,store,debit,2024-05-04 02:06:06,2024-05-05 12:33:54
737,238,9,2024-07-07 06:11:49,paid,64.03,238,238,store,gift_card,2024-07-07 06:11:49,2024-07-28 09:41:48
738,168,1,2025-07-14 17:59:13,delivered,712.41,168,168,online,credit_card,2025-07-14 17:59:13,2025-08-04 02:36:48
739,169,1,2025-02-07 17:46:21,returned,30.17,303,31,online,credit_card,2025-02-07 17:46:21,2025-02-22 15:27:06
740,96,7,2025-04-09 02:28:16,pending,1302.34,96,96,store,credit_card,2025-04-09 02:28:16,2025-05-04 14:29:17
741,146,9,2023-02-10 15:28:45,confirmed,1373.00,146,146,store,credit_card,2023-02-10 15:28:45,2023-02-19 11:14:18
742,209,4,2024-06-12 19:25:49,cancelled,675.17,209,209,store,credit_card,2024-06-12 19:25:49,2024-07-04 00:57:01
743,166,1,2025-10-03 02:16:24,shipped,204.55,166,166,online,credit_card,2025-10-03 02:16:24,2025-10-15 13:58:48
744,215,1,2024-05-15 17:38:04,confirmed,424.45,215,215,online,credit_card,2024-05-15 17:38:04,2024-06-07 15:13:58
745,42,1,2025-04-08 23:29:03,delivered,323.95,42,42,online,credit_card,2025-04-08 23:29:03,2025-04-29 22:47:17
746,154,1,2025-07-27 01:30:29,delivered,27.86,154,154,online,credit_card,2025-07-27 01:30:29,2025-08-17 13:40:15
747,82,1,2024-03-28 09:49:46,paid,74.56,82,82,online,debit,2024-03-28 09:49:46,2024-04-18 12:05:58
748,9,1,2025-06-08 06:35:31,delivered,84.85,9,136,online,credit_card,2025-06-08 06:35:31,2025-06-19 18:45:48
749,197,1,2023-10-21 07:25:29,cancelled,464.42,197,334,online,debit,2023-10-21 07:25:29,2023-11-02 00:19:54
750,104,1,2023-03-10 04:19:09,shipped,775.13,104,104,online,credit_card,2023-03-10 04:19:09,2023-03-14 04:42:27
751,183,7,2023-04-25 03:14:30,delivered,875.34,183,183,store,credit_card,2023-04-25 03:14:30,2023-05-09 20:57:49
752,248,1,2023-07-24 06:18:28,delivered,350.75,248,248,online,debit,2023-07-24 06:18:28,2023-08-08 05:07:09
753,194,1,2023-12-05 11:23:22,shipped,584.54,194,194,online,debit,2023-12-05 11:23:22,2023-12-29 14:41:53
754,45,3,2024-04-09 07:50:01,shipped,20.19,45,388,store,credit_card,2024-04-09 07:50:01,2024-04-25 05:52:27
755,125,1,2025-03-07 16:19:26,confirmed,1360.31,125,125,online,credit_card,2025-03-07 16:19:26,2025-03-20 00:00:36
756,51,1,2025-04-19 23:39:50,delivered,1157.58,51,51,online,credit_card,2025-04-19 23:39:50,2025-04-29 15:45:43
757,56,7,2023-05-20 03:59:43,delivered,22.91,56,56,store,debit,2023-05-20 03:59:43,2023-06-05 07:41:38
758,215,2,2023-04-16 15:11:29,delivered,27.78,215,215,store,debit,2023-04-16 15:11:29,2023-04-19 07:44:43
759,38,4,2023-11-04 17:50:20,delivered,938.42,38,38,store,credit_card,2023-11-04 17:50:20,2023-11-30 06:59:19
760,246,6,2025-05-30 02:53:58,confirmed,293.34,246,246,store,gift_card,2025-05-30 02:53:58,2025-06-07 11:06:48
761,129,4,2025-01-30 15:54:26,returned,659.64,40,129,store,cash,2025-01-30 15:54:26,2025-02-02 00:23:56
762,14,9,2024-11-25 19:08:22,returned,877.51,14,14,store,credit_card,2024-11-25 19:08:22,2024-11-27 08:30:44
763,8,1,2024-01-23 20:45:01,delivered,229.23,202,8,online,debit,2024-01-23 20:45:01,2024-01-27 20:55:30
764,64,1,2023-09-02 21:16:12,delivered,1312.36,64,14,online,cash,2023-09-02 21:16:12,2023-09-04 10:07:27
765,91,1,2024-11-17 16:37:11,delivered,27.61,91,91,online,credit_card,2024-11-17 16:37:11,2024-12-02 10:39:02
766,20,6,2024-01-07 19:21:48,confirmed,976.71,203,203,store,cash,2024-01-07 19:21:48,2024-01-26 01:11:52
767,141,1,2025-06-16 17:03:13,paid,45.38,398,398,online,credit_card,2025-06-16 17:03:13,2025-06-23 09:55:03
768,106,1,2025-10-31 17:02:18,confirmed,238.75,106,256,online,credit_card,2025-10-31 17:02:18,2025-11-30 11:57:08
769,190,5,2024-01-08 20:42:18,pending,167.61,230,230,store,other,2024-01-08 20:42:18,2024-02-02 03:14:27
770,208,1,2023-12-11 22:43:03,delivered,1154.91,208,208,online,cash,2023-12-11 22:43:03,2024-01-10 09:27:28
771,74,1,2024-12-15 10:28:58,delivered,142.43,74,74,online,credit_card,2024-12-15 10:28:58,2024-12-16 14:43:52
772,218,1,2025-08-14 16:53:11,confirmed,864.92,218,210,online,credit_card,2025-08-14 16:53:11,2025-09-08 00:26:40
773,200,1,2023-12-21 07:17:12,delivered,552.76,200,200,online,paypal,2023-12-21 07:17:12,2023-12-28 20:15:53
774,148,2,2024-02-06 04:12:10,paid,1054.84,148,397,store,credit_card,2024-02-06 04:12:10,2024-02-13 14:34:36
775,213,1,2023-03-07 19:52:57,delivered,243.62,213,213,online,credit_card,2023-03-07 19:52:57,2023-04-04 20:02:53
776,12,3,2024-09-17 19:47:32,confirmed,876.29,12,12,store,debit,2024-09-17 19:47:32,2024-10-08 01:14:05
777,168,3,2024-10-04 14:56:26,paid,22.27,23,311,store,credit_card,2024-10-04 14:56:26,2024-10-25 20:28:50
778,105,1,2024-12-24 12:05:59,delivered,449.35,105,105,online,cash,2024-12-24 12:05:59,2024-12-26 12:08:09
779,100,1,2023-03-24 20:29:46,delivered,23.17,100,14,online,credit_card,2023-03-24 20:29:46,2023-04-11 02:13:35
780,93,1,2025-06-05 21:52:23,delivered,69.13,19,118,online,credit_card,2025-06-05 21:52:23,2025-06-30 03:48:52
781,212,1,2025-07-06 21:52:03,delivered,1427.60,138,264,online,paypal,2025-07-06 21:52:03,2025-07-17 00:28:47
782,187,1,2024-07-28 20:58:10,shipped,439.56,187,187,online,credit_card,2024-07-28 20:58:10,2024-08-09 10:40:10
783,185,1,2023-07-29 02:29:41,confirmed,21.35,185,185,online,debit,2023-07-29 02:29:41,2023-08-18 09:09:45
784,35,6,2025-04-22 01:50:35,shipped,91.94,35,35,store,paypal,2025-04-22 01:50:35,2025-04-23 21:30:53
785,114,1,2024-06-17 01:47:06,paid,1072.94,373,114,online,debit,2024-06-17 01:47:06,2024-06-30 21:55:22
786,43,8,2024-10-24 09:22:02,shipped,1280.64,219,398,store,credit_card,2024-10-24 09:22:02,2024-11-16 10:34:47
787,104,1,2024-07-17 20:32:25,paid,214.84,226,104,online,cash,2024-07-17 20:32:25,2024-08-03 23:37:09
788,137,1,2025-10-31 01:19:56,cancelled,1110.45,137,137,online,credit_card,2025-10-31 01:19:56,2025-11-18 09:28:50
789,81,1,2025-05-19 18:58:05,delivered,35.50,81,81,online,credit_card,2025-05-19 18:58:05,2025-05-24 23:23:10
790,185,1,2023-09-30 07:52:54,shipped,1435.38,341,185,online,other,2023-09-30 07:52:54,2023-10-28 22:48:27
791,131,1,2023-04-10 08:12:05,paid,1253.92,131,195,online,credit_card,2023-04-10 08:12:05,2023-05-01 15:04:57
792,64,6,2025-08-24 10:37:05,paid,863.00,64,64,store,gift_card,2025-08-24 10:37:05,2025-09-14 13:58:11
793,36,1,2023-12-18 18:11:58,paid,1173.90,224,224,online,credit_card,2023-12-18 18:11:58,2023-12-29 09:12:22
794,46,1,2024-04-24 19:53:13,returned,1105.92,46,46,online,credit_card,2024-04-24 19:53:13,2024-05-14 20:04:54
795,212,8,2023-01-26 22:09:03,paid,113.68,212,212,store,gift_card,2023-01-26 22:09:03,2023-02-06 19:52:35
796,159,1,2025-01-25 15:10:51,delivered,1193.92,159,159,online,paypal,2025-01-25 15:10:51,2025-02-20 02:54:40
797,9,8,2023-03-13 20:57:30,paid,1013.60,9,9,store,credit_card,2023-03-13 20:57:30,2023-04-07 08:38:41
798,70,1,2023-10-25 14:02:59,delivered,977.96,70,70,online,debit,2023-10-25 14:02:59,2023-11-17 16:48:44
799,215,9,2025-08-23 22:33:09,paid,124.58,215,215,store,debit,2025-08-23 22:33:09,2025-09-22 17:33:59
800,211,8,2023-01-18 22:59:21,delivered,1010.40,211,211,store,paypal,2023-01-18 22:59:21,2023-01-25 17:35:50
